epoch,r2,rmse,rpd,rpiq,train_r2,train_rmse,train_rpd,train_rpiq,band_1,band_2,band_3,band_4,band_5,band_6,band_7,band_8,band_9,band_10,band_11,band_12,band_13,band_14,band_15,band_16,band_17,band_18,band_19,band_20,band_21,band_22,band_23,band_24,band_25,band_26,band_27,band_28,band_29,band_30,band_31,band_32,band_33,band_34,band_35,band_36,band_37,band_38,band_39,band_40,band_41,band_42,band_43,band_44,band_45,band_46,band_47,band_48,band_49,band_50,band_51,band_52,band_53,band_54,band_55,band_56,band_57,band_58,band_59,band_60,band_61,band_62,band_63,band_64,band_65,band_66,band_67,band_68,band_69,band_70,band_71,band_72,band_73,band_74,band_75,band_76,band_77,band_78,band_79,band_80,band_81,band_82,band_83,band_84,band_85,band_86,band_87,band_88,band_89,band_90,band_91,band_92,band_93,band_94,band_95,band_96,band_97,band_98,band_99,band_100,band_101,band_102,band_103,band_104,band_105,band_106,band_107,band_108,band_109,band_110,band_111,band_112,band_113,band_114,band_115,band_116,band_117,band_118,band_119,band_120,band_121,band_122,band_123,band_124,band_125,band_126,band_127,band_128
0,0,0.9990500211715698,0.32857999205589294,3.0201001167297363,0,2.913640022277832,0.9980800151824951,0.34452998638153076,32,73,97,129,161,193,225,258,290,322,363,386,427,459,483,515,556,580,612,644,685,708,741,781,813,837,878,902,942,966,1007,1030,1071,1103,1135,1168,1200,1224,1264,1288,1329,1361,1393,1417,1457,1481,1522,1546,1586,1610,1651,1674,1707,1747,1771,1812,1835,1868,1908,1940,1964,2005,2029,2061,2101,2125,2157,2198,2230,2262,2286,2318,2351,2391,2423,2456,2479,2520,2552,2584,2617,2640,2681,2705,2745,2769,2810,2834,2866,2898,2939,2962,3003,3027,3059,3100,3123,3164,3188,3220,3261,3284,3325,3357,3381,3413,3454,3486,3510,3542,3583,3615,3647,3671,3711,3735,3776,3800,3832,3864,3896,3937,3969,4001,4025,4066,4089,4122
10,0.41944,1.3125499486923218,0.4316900074481964,2.2987499237060547,0.42686,2.2014999389648438,1.3209400177001953,0.45598000288009644,27,76,87,100,146,171,223,259,314,320,340,376,433,484,490,502,535,599,602,644,674,672,699,820,847,826,875,868,967,962,1032,1029,1072,1117,1107,1185,1180,1219,1271,1287,1361,1394,1402,1403,1471,1473,1528,1569,1581,1671,1699,1772,1799,1808,1840,1856,1899,1953,1956,1997,1993,2073,2098,2113,2181,2179,2263,2264,2279,2297,2336,2427,2446,2455,2473,2504,2581,2582,2613,2628,2697,2706,2739,2749,2810,2827,2832,2890,2960,2957,3004,3037,3044,3116,3113,3171,3197,3212,3273,3281,3364,3375,3378,3374,3490,3493,3499,3549,3618,3613,3670,3664,3689,3744,3773,3800,3817,3849,3875,3927,3991,4029,4035,4044,4066,4096
20,0.64495,1.6784100532531738,0.5520099997520447,1.7976700067520142,0.65393,1.7107000350952148,1.6999200582504272,0.5867999792098999,31,82,80,87,127,144,221,292,344,343,387,426,486,496,523,540,582,594,642,652,667,673,856,844,858,860,879,953,974,1019,1048,1064,1084,1113,1172,1198,1234,1251,1288,1367,1390,1405,1408,1472,1480,1517,1537,1541,1565,1667,1676,1704,1748,1810,1821,1818,1846,1921,1968,1970,1985,1988,2091,2097,2125,2176,2184,2249,2265,2283,2288,2342,2446,2457,2486,2528,2578,2582,2593,2631,2703,2709,2746,2792,2814,2825,2911,2967,2964,2993,3060,3071,3110,3117,3179,3200,3217,3272,3307,3384,3381,3369,3370,3482,3501,3507,3551,3611,3609,3672,3676,3681,3768,3780,3824,3825,3859,3861,3952,3997,4030,4033,4046,4050,4101
30,0.76276,2.0532801151275635,0.6753000020980835,1.4694700241088867,0.76979,1.3952499628067017,2.084249973297119,0.7194600105285645,51,68,86,90,112,119,224,305,344,348,361,396,424,493,502,551,569,583,601,626,643,670,687,847,861,855,865,890,935,977,992,1070,1063,1059,1108,1164,1211,1237,1300,1354,1377,1402,1404,1481,1486,1512,1538,1549,1575,1666,1685,1688,1718,1816,1817,1833,1853,1939,1979,1980,1977,2100,2108,2121,2180,2187,2236,2267,2275,2304,2330,2441,2443,2460,2492,2539,2577,2581,2582,2635,2695,2702,2713,2765,2770,2805,2831,2931,2960,2991,3065,3060,3114,3113,3188,3194,3192,3284,3341,3390,3385,3370,3378,3464,3488,3492,3541,3613,3619,3670,3675,3680,3760,3782,3812,3831,3868,3887,3957,3997,4025,4031,4041,4057,4108
40,0.84112,2.509000062942505,0.825190007686615,1.2025599479675293,0.8444,1.1470600366592407,2.53521990776062,0.8751299977302551,59,93,97,99,116,239,281,341,342,374,387,414,483,521,569,593,594,615,613,652,683,706,837,846,857,860,890,922,973,975,1058,1060,1062,1094,1166,1210,1219,1243,1318,1346,1371,1393,1403,1471,1487,1502,1536,1572,1591,1665,1684,1708,1711,1819,1821,1839,1860,1949,1975,1979,1983,1985,2104,2111,2116,2186,2196,2224,2266,2268,2315,2338,2436,2460,2496,2530,2578,2583,2628,2690,2698,2709,2752,2763,2805,2843,2930,2965,2968,2990,3049,3062,3118,3121,3186,3187,3193,3299,3371,3391,3393,3387,3386,3484,3482,3485,3521,3611,3613,3665,3670,3679,3754,3765,3800,3837,3884,3915,3957,3992,4024,4044,4049,4113
50,0.87382,2.8154399394989014,0.9259700179100037,1.0716700553894043,0.87543,1.0263299942016602,2.8334500789642334,0.9780799746513367,53,64,89,99,106,121,250,270,334,342,375,378,404,472,525,582,601,602,619,625,655,700,720,826,831,841,859,878,913,968,970,1057,1055,1054,1085,1175,1203,1213,1237,1331,1339,1370,1390,1408,1457,1485,1490,1530,1584,1602,1662,1675,1701,1727,1823,1822,1846,1860,1945,1980,1984,1986,2106,2112,2114,2194,2213,2212,2261,2273,2322,2362,2419,2439,2459,2500,2508,2568,2584,2585,2625,2692,2707,2741,2759,2801,2852,2925,2968,2971,2986,3042,3059,3122,3125,3188,3198,3203,3314,3394,3393,3397,3398,3404,3483,3482,3486,3507,3598,3614,3655,3678,3682,3747,3789,3853,3890,3928,3962,3982,4016,4017,4043,4044,4120
60,0.88707,2.976020097732544,0.9787799715995789,1.0138499736785889,0.88781,0.9740099906921387,2.9856300354003906,1.0306099653244019,51,66,81,107,108,128,257,272,328,344,364,374,402,476,526,586,602,606,622,624,661,703,721,818,821,833,866,872,913,966,969,1045,1050,1072,1188,1202,1221,1229,1334,1373,1391,1401,1452,1485,1490,1523,1588,1605,1654,1684,1697,1734,1821,1823,1855,1930,1981,1985,1987,2108,2107,2115,2193,2213,2219,2264,2273,2330,2377,2413,2438,2459,2495,2508,2558,2583,2590,2628,2689,2698,2719,2732,2763,2794,2867,2922,2968,2969,2987,3045,3052,3128,3133,3180,3199,3203,3323,3399,3400,3401,3406,3474,3475,3490,3495,3596,3611,3657,3684,3689,3742,3746,3787,3860,3904,3932,3966,3975,4011,4037,4047,4120
70,0.89067,3.024590015411377,0.9947599768638611,0.9975699782371521,0.89256,0.95319002866745,3.0508499145507812,1.0531200170516968,48,69,79,98,114,133,263,268,323,351,353,369,407,484,531,578,597,614,615,620,659,700,721,805,817,829,870,873,918,967,969,1038,1041,1042,1062,1196,1206,1228,1231,1318,1337,1377,1392,1416,1452,1486,1490,1525,1589,1611,1653,1692,1704,1730,1817,1818,1853,1862,1924,1984,1989,1990,2105,2113,2190,2218,2222,2267,2270,2342,2372,2415,2434,2458,2493,2510,2552,2584,2589,2634,2694,2705,2723,2736,2771,2785,2885,2925,2965,2966,2985,3049,3055,3125,3131,3180,3195,3202,3328,3398,3402,3401,3403,3475,3478,3491,3496,3607,3612,3658,3684,3686,3742,3743,3781,3855,3906,3930,3966,3967,4003,4011,4041,4045,4117
80,0.89284,3.0551300048828125,1.0047999620437622,0.9876000285148621,0.89479,0.9432100057601929,3.0831398963928223,1.06427001953125,44,74,78,90,112,139,261,266,318,354,356,365,415,488,532,565,589,607,616,617,659,695,724,797,818,828,869,870,922,969,973,1032,1035,1038,1054,1203,1210,1230,1236,1312,1335,1379,1392,1421,1461,1485,1492,1524,1595,1617,1655,1703,1706,1730,1814,1815,1851,1866,1929,1986,1989,1990,1991,2106,2105,2114,2186,2222,2229,2258,2280,2354,2356,2420,2429,2458,2499,2506,2547,2584,2585,2641,2699,2713,2723,2737,2778,2779,2896,2922,2968,2984,3051,3058,3121,3127,3179,3198,3199,3330,3396,3397,3400,3403,3482,3483,3494,3502,3608,3616,3660,3683,3686,3743,3786,3857,3893,3931,3961,3963,4001,4007,4042,4046,4115
90,0.89784,3.128999948501587,1.029099941253662,0.9642800092697144,0.90066,0.9165400266647339,3.1728599071502686,1.0952399969100952,40,79,81,107,143,260,268,319,355,359,361,416,488,528,561,587,606,615,618,656,696,725,797,817,826,860,866,920,967,973,1029,1033,1038,1057,1203,1211,1229,1228,1313,1335,1380,1394,1423,1473,1483,1494,1524,1596,1629,1657,1693,1716,1730,1810,1817,1856,1867,1926,1981,1989,1990,2100,2113,2116,2189,2224,2230,2260,2282,2343,2363,2426,2427,2457,2497,2510,2539,2578,2590,2651,2704,2722,2730,2734,2769,2780,2912,2924,2967,2968,2984,3053,3057,3124,3126,3175,3192,3202,3329,3394,3395,3397,3402,3482,3484,3498,3507,3608,3609,3655,3689,3690,3739,3744,3782,3855,3906,3930,3961,3962,4000,3999,4044,4046,4114
100,0.8991,3.148360013961792,1.0354700088500977,0.9583500027656555,0.904,0.9010099768638611,3.227560043334961,1.1141200065612793,31,72,78,86,99,146,260,266,319,352,357,369,413,491,524,563,590,609,616,618,655,696,726,794,815,825,861,866,920,961,973,1025,1033,1038,1063,1200,1209,1223,1232,1310,1333,1378,1395,1422,1482,1494,1530,1595,1636,1662,1694,1711,1727,1816,1817,1858,1868,1927,1983,1989,1993,2098,2111,2117,2198,2226,2229,2264,2277,2343,2355,2425,2435,2454,2496,2514,2533,2569,2590,2660,2708,2727,2731,2740,2768,2775,2920,2922,2968,2970,2983,3050,3054,3120,3128,3170,3191,3204,3328,3390,3394,3395,3401,3480,3487,3500,3509,3607,3610,3653,3689,3693,3741,3742,3783,3855,3908,3930,3960,3962,3996,3997,4042,4049,4119
110,0.90064,3.1727700233459473,1.0434900522232056,0.950980007648468,0.90669,0.8883000016212463,3.27374005317688,1.1300599575042725,20,71,80,81,84,146,254,258,317,353,356,369,415,492,526,564,590,608,616,655,697,725,791,812,823,865,918,961,972,1022,1034,1035,1065,1198,1205,1227,1232,1305,1327,1377,1399,1420,1486,1487,1494,1529,1592,1644,1667,1701,1707,1727,1820,1821,1858,1872,1926,1983,1988,1990,1992,2097,2110,2112,2199,2227,2230,2270,2274,2345,2344,2428,2433,2452,2497,2510,2528,2561,2586,2665,2714,2732,2734,2743,2767,2772,2918,2921,2968,2971,2984,3049,3053,3118,3128,3170,3188,3207,3322,3386,3389,3391,3397,3404,3482,3487,3502,3515,3608,3610,3650,3690,3692,3741,3742,3784,3855,3905,3929,3961,3960,3995,3996,4044,4046,4123
120,0.88711,2.976530075073242,0.978950023651123,1.0136699676513672,0.88855,0.9707900285720825,2.9955499172210693,1.0340399742126465,26,67,70,80,89,147,247,263,311,353,358,369,416,494,527,561,585,603,617,622,663,685,725,785,815,822,865,872,923,961,980,1010,1031,1040,1056,1200,1210,1232,1239,1300,1326,1373,1374,1418,1485,1491,1498,1521,1595,1657,1671,1704,1707,1733,1817,1820,1862,1879,1930,1981,1992,1991,1993,2098,2096,2116,2198,2228,2231,2266,2280,2343,2352,2427,2436,2447,2501,2510,2530,2551,2582,2664,2721,2727,2740,2748,2762,2775,2911,2922,2968,2969,2983,3056,3058,3122,3119,3183,3201,3200,3325,3389,3391,3394,3406,3485,3486,3501,3520,3611,3612,3657,3680,3691,3744,3747,3786,3855,3892,3928,3955,3974,3996,3997,4042,4047,4127
130,0.89729,3.1205101013183594,1.0263099670410156,0.9668999910354614,0.90067,0.9164800047874451,3.1730799674987793,1.0953199863433838,42,62,69,78,96,149,247,271,308,353,361,371,415,493,530,572,585,593,617,621,652,683,732,790,814,828,859,866,921,961,972,1018,1030,1029,1045,1204,1213,1234,1244,1299,1320,1362,1366,1410,1488,1487,1496,1521,1597,1668,1670,1695,1716,1736,1819,1821,1861,1880,1927,1984,1989,1991,2088,2110,2130,2187,2224,2233,2261,2289,2343,2354,2423,2445,2451,2504,2509,2531,2545,2580,2662,2715,2723,2746,2754,2760,2770,2912,2925,2972,2968,2984,3054,3064,3120,3125,3185,3196,3202,3327,3393,3394,3396,3397,3482,3488,3496,3524,3613,3615,3652,3682,3689,3744,3745,3798,3856,3882,3931,3959,3971,3995,3997,4046,4050,4127
140,0.90092,3.177259922027588,1.0449700355529785,0.9496300220489502,0.90632,0.890030026435852,3.267359972000122,1.1278599500656128,44,64,68,95,151,252,277,308,351,366,370,415,490,521,581,584,592,616,617,655,686,732,791,816,834,853,868,912,955,973,1020,1025,1031,1036,1201,1218,1231,1246,1303,1316,1359,1365,1406,1475,1491,1494,1522,1594,1653,1673,1696,1716,1731,1820,1821,1867,1873,1924,1986,1988,1991,2085,2116,2141,2189,2225,2233,2265,2290,2347,2345,2425,2449,2453,2506,2508,2531,2541,2574,2663,2709,2725,2751,2756,2760,2761,2918,2924,2970,2971,2983,3054,3063,3121,3129,3178,3189,3204,3319,3389,3393,3395,3402,3480,3485,3499,3528,3613,3640,3689,3691,3739,3749,3794,3855,3902,3932,3964,3994,3996,4052,4056,4133
150,0.904,3.227710008621216,1.061560034751892,0.9347900152206421,0.91064,0.8692799806594849,3.3453500270843506,1.1547800302505493,34,61,65,93,151,257,270,313,350,363,374,413,495,518,577,583,594,616,619,655,689,729,787,814,836,860,871,909,950,975,1019,1028,1030,1040,1191,1222,1226,1243,1303,1317,1357,1364,1413,1472,1488,1490,1522,1591,1635,1680,1695,1713,1725,1820,1824,1868,1880,1925,1984,1987,1989,1993,2081,2119,2150,2192,2226,2228,2272,2286,2343,2350,2425,2449,2455,2504,2516,2531,2536,2568,2669,2708,2729,2748,2756,2760,2761,2912,2923,2970,2972,2985,3054,3061,3121,3130,3169,3193,3208,3310,3386,3390,3391,3395,3405,3483,3484,3502,3530,3608,3609,3634,3687,3696,3737,3742,3787,3852,3905,3932,3960,3967,3994,3995,4056,4060,4139
160,0.90536,3.2508599758148193,1.0691800117492676,0.9281299710273743,0.91369,0.8543000221252441,3.404010057449341,1.175029993057251,24,51,59,61,87,148,261,265,319,349,361,375,416,499,520,575,581,595,620,623,656,691,727,783,810,834,865,870,910,955,978,1014,1027,1038,1185,1224,1232,1238,1298,1315,1357,1364,1421,1473,1484,1491,1520,1589,1622,1671,1696,1712,1715,1821,1824,1869,1882,1927,1982,1988,1989,1995,2080,2119,2154,2187,2228,2229,2275,2283,2344,2350,2424,2440,2462,2499,2526,2532,2530,2565,2672,2711,2732,2745,2753,2759,2762,2914,2919,2970,2972,2984,3053,3064,3117,3129,3165,3187,3207,3315,3384,3386,3388,3396,3404,3483,3485,3506,3527,3608,3611,3632,3684,3700,3735,3741,3786,3853,3905,3932,3954,3962,3994,3996,4059,4066,4151
170,0.9047,3.239609956741333,1.0654799938201904,0.9313499927520752,0.91293,0.8580899834632874,3.388969898223877,1.1698399782180786,19,48,50,57,80,147,259,261,322,346,361,371,413,500,521,579,583,595,622,659,694,727,775,809,830,864,868,909,961,980,1013,1021,1027,1038,1186,1227,1234,1235,1292,1313,1358,1363,1424,1479,1484,1496,1519,1582,1617,1662,1701,1710,1713,1822,1824,1871,1885,1926,1981,1988,1990,1996,2077,2118,2159,2180,2232,2277,2279,2343,2349,2422,2432,2462,2503,2521,2523,2533,2566,2674,2715,2738,2743,2753,2757,2765,2915,2918,2969,2973,2984,3053,3062,3116,3128,3160,3186,3206,3320,3382,3385,3393,3403,3480,3483,3511,3531,3610,3611,3630,3684,3700,3736,3741,3785,3854,3900,3932,3954,3960,3996,3997,4066,4071,4163
180,0.90384,3.225069999694824,1.0606900453567505,0.9355499744415283,0.91218,0.861739993095398,3.3746299743652344,1.1648900508880615,25,44,48,52,78,147,256,262,322,344,358,367,408,502,521,575,585,598,622,627,656,696,728,775,809,826,864,866,909,967,979,1011,1018,1027,1039,1182,1229,1236,1238,1288,1312,1359,1363,1424,1481,1496,1522,1574,1613,1657,1706,1709,1711,1824,1826,1872,1885,1926,1978,1989,1991,1997,2074,2112,2165,2171,2228,2238,2273,2280,2343,2354,2422,2428,2458,2510,2511,2528,2529,2565,2674,2717,2738,2744,2752,2760,2764,2916,2920,2970,2975,2985,3055,3063,3118,3128,3163,3182,3202,3326,3381,3387,3400,3480,3479,3511,3531,3609,3610,3627,3681,3700,3739,3741,3792,3855,3899,3933,3954,3963,3998,4074,4170
190,0.90773,3.2923800945281982,1.0828299522399902,0.9164299964904785,0.91561,0.844760000705719,3.4424500465393066,1.1883000135421753,24,40,44,50,83,148,254,263,319,342,360,366,405,500,521,575,583,596,623,627,660,696,727,775,811,820,861,864,912,967,984,1006,1015,1029,1042,1180,1225,1238,1244,1286,1315,1359,1363,1421,1481,1482,1491,1520,1571,1611,1655,1695,1712,1725,1821,1830,1872,1884,1926,1980,1990,1993,1995,2071,2110,2164,2177,2231,2232,2276,2281,2346,2354,2423,2425,2459,2505,2521,2532,2560,2679,2715,2737,2748,2751,2760,2766,2910,2921,2970,2975,2985,3057,3064,3118,3129,3161,3191,3202,3323,3382,3384,3389,3390,3394,3477,3479,3508,3532,3609,3613,3624,3679,3700,3737,3738,3790,3854,3897,3932,3954,3964,4000,3999,4074,4081,4176
200,0.90932,3.321079969406128,1.092270016670227,0.9085100293159485,0.91927,0.8262400031089783,3.519619941711426,1.2149399518966675,18,35,44,47,85,151,256,263,319,341,358,369,403,499,519,577,587,596,624,625,656,699,730,775,811,818,854,860,910,967,982,1008,1013,1026,1043,1177,1229,1238,1288,1317,1360,1363,1422,1475,1486,1488,1520,1570,1617,1653,1694,1717,1723,1821,1831,1874,1885,1925,1981,1990,1992,1995,2071,2108,2165,2175,2227,2233,2281,2282,2345,2348,2415,2431,2463,2507,2516,2526,2528,2557,2683,2717,2739,2750,2755,2756,2762,2915,2919,2970,2974,2985,3059,3064,3119,3132,3155,3188,3205,3321,3383,3384,3385,3390,3392,3477,3479,3507,3534,3609,3611,3624,3680,3703,3737,3740,3791,3853,3898,3933,3954,3965,4001,4079,4083,4182
210,0.90447,3.235640048980713,1.064170002937317,0.9325000047683716,0.91592,0.8432300090789795,3.4487099647521973,1.190459966659546,19,33,44,85,153,256,260,321,344,360,364,404,500,520,575,582,594,622,624,660,698,731,774,808,820,855,863,915,963,983,1004,1011,1026,1041,1175,1233,1234,1240,1287,1321,1358,1363,1424,1474,1482,1488,1520,1575,1614,1656,1703,1718,1722,1824,1835,1875,1885,1922,1980,1992,1995,1996,2071,2111,2170,2177,2230,2279,2287,2342,2349,2414,2431,2462,2515,2517,2528,2554,2685,2717,2742,2754,2755,2761,2914,2918,2970,2974,2985,3060,3064,3118,3131,3152,3185,3204,3322,3379,3386,3388,3392,3478,3508,3535,3608,3624,3682,3704,3736,3739,3791,3854,3900,3932,3955,3964,4002,4004,4081,4087,4186
220,0.90672,3.274519920349121,1.0769599676132202,0.9214299917221069,0.91733,0.8361200094223022,3.4780399799346924,1.2005900144577026,22,36,42,88,157,256,261,319,347,360,366,407,499,519,572,582,596,621,625,657,697,732,774,810,822,856,860,913,966,987,1004,1008,1026,1042,1175,1230,1235,1239,1283,1324,1356,1363,1427,1474,1484,1491,1519,1577,1618,1662,1707,1714,1720,1831,1835,1875,1887,1924,1977,1992,1995,1999,2069,2112,2178,2183,2224,2234,2281,2284,2341,2349,2418,2429,2456,2508,2513,2525,2556,2680,2719,2748,2756,2763,2916,2920,2970,2975,2986,3062,3066,3118,3130,3155,3188,3199,3327,3384,3386,3388,3393,3479,3478,3506,3534,3607,3609,3623,3680,3703,3738,3739,3793,3855,3896,3933,3955,3965,4002,4008,4082,4086,4187
230,0.9103,3.3391599655151367,1.0982199907302856,0.9035900235176086,0.9218,0.8131700158119202,3.5761799812316895,1.2344599962234497,13,26,35,37,92,162,254,260,318,346,359,371,405,499,518,573,585,595,623,658,696,732,777,808,822,855,856,916,967,983,1003,1007,1023,1041,1179,1229,1233,1238,1287,1321,1352,1363,1426,1473,1482,1493,1522,1573,1613,1663,1706,1716,1718,1827,1837,1875,1887,1925,1978,1991,1996,2000,2069,2113,2180,2185,2229,2231,2281,2289,2340,2349,2422,2433,2455,2512,2514,2516,2530,2556,2682,2722,2741,2753,2757,2764,2769,2916,2918,2970,2975,2985,3062,3069,3119,3132,3153,3187,3200,3319,3380,3388,3389,3390,3392,3476,3478,3507,3534,3609,3610,3623,3682,3704,3738,3740,3792,3854,3900,3932,3955,3966,4006,4084,4088,4186
240,0.91193,3.3699700832366943,1.1083500385284424,0.895330011844635,0.92397,0.801829993724823,3.6267499923706055,1.2519199848175049,15,19,30,37,97,163,257,262,320,344,357,368,401,501,519,569,582,596,623,659,697,734,776,810,821,852,856,920,965,982,996,1010,1019,1044,1181,1227,1235,1234,1287,1319,1348,1363,1428,1476,1482,1492,1523,1573,1616,1661,1703,1708,1725,1825,1836,1877,1889,1923,1976,1990,1996,1999,2070,2113,2181,2184,2230,2239,2284,2290,2341,2344,2426,2432,2456,2507,2516,2520,2526,2557,2686,2726,2740,2754,2757,2760,2774,2916,2919,2970,2975,2985,3064,3071,3118,3132,3150,3185,3203,3313,3382,3387,3388,3389,3395,3478,3508,3535,3608,3624,3683,3707,3735,3740,3790,3854,3899,3932,3955,3964,4007,4083,4090,4185
250,0.91325,3.3955800533294678,1.1167700290679932,0.8885800242424011,0.92335,0.8050900101661682,3.612070083618164,1.2468500137329102,16,25,36,99,171,258,317,344,357,366,401,502,515,570,582,597,622,624,661,696,734,775,809,819,853,858,921,965,980,994,1010,1019,1045,1181,1228,1230,1237,1286,1317,1348,1363,1426,1475,1482,1493,1521,1575,1618,1661,1704,1727,1825,1837,1876,1887,1924,1975,1989,1997,2000,2069,2115,2182,2186,2235,2238,2286,2291,2341,2427,2430,2461,2509,2514,2518,2527,2559,2682,2729,2742,2751,2759,2761,2771,2916,2918,2970,2975,2985,3064,3072,3118,3130,3150,3186,3202,3320,3384,3387,3388,3397,3477,3479,3506,3537,3608,3609,3624,3683,3707,3737,3740,3790,3855,3901,3931,3953,3963,4009,4010,4087,4090,4183
260,0.91132,3.358289957046509,1.104509949684143,0.8984400033950806,0.92237,0.8102099895477295,3.5892601013183594,1.2389800548553467,16,21,26,37,102,174,250,269,315,344,356,367,401,499,518,571,585,597,621,624,659,699,735,776,809,820,853,855,918,967,980,996,1008,1018,1046,1184,1228,1231,1235,1284,1316,1349,1363,1425,1472,1484,1492,1523,1575,1613,1663,1706,1711,1718,1825,1836,1877,1887,1923,1976,1989,1996,2001,2069,2116,2181,2188,2233,2236,2286,2290,2335,2348,2421,2436,2465,2509,2514,2519,2526,2560,2684,2735,2745,2752,2758,2761,2768,2916,2970,2976,2985,3063,3076,3119,3132,3151,3187,3204,3321,3386,3388,3394,3479,3504,3536,3608,3611,3622,3683,3707,3739,3740,3790,3855,3899,3932,3954,3966,4009,4012,4088,4093,4179
270,0.9126,3.3828999996185303,1.1125999689102173,0.8919100165367126,0.92398,0.8017500042915344,3.6271300315856934,1.2520500421524048,15,19,28,36,103,173,249,269,316,346,356,364,401,499,517,567,582,598,623,625,659,696,736,775,808,820,854,856,920,965,981,995,1008,1018,1043,1182,1230,1232,1233,1284,1319,1346,1362,1426,1473,1485,1491,1522,1575,1615,1664,1705,1709,1723,1825,1836,1875,1888,1923,1975,1990,1999,2001,2069,2116,2185,2187,2233,2237,2286,2288,2339,2343,2425,2436,2467,2507,2518,2520,2522,2560,2685,2735,2748,2756,2758,2770,2915,2919,2971,2976,2984,3065,3075,3119,3131,3150,3187,3202,3318,3385,3386,3388,3393,3402,3476,3480,3505,3536,3608,3611,3623,3685,3708,3737,3739,3792,3853,3895,3932,3955,3967,4012,4011,4092,4093,4180
280,0.91266,3.3839800357818604,1.1129599809646606,0.8916199803352356,0.92519,0.7953900098800659,3.656140089035034,1.2620600461959839,13,17,28,35,104,173,250,262,316,347,356,366,398,500,520,567,583,598,621,622,662,697,736,774,810,820,853,854,921,965,978,992,1010,1016,1043,1183,1228,1230,1235,1286,1319,1347,1362,1427,1473,1484,1493,1522,1573,1618,1664,1704,1711,1721,1826,1839,1876,1887,1922,1974,1989,1998,2001,2070,2114,2185,2189,2234,2237,2283,2292,2336,2345,2431,2466,2513,2515,2517,2526,2561,2685,2738,2750,2753,2758,2765,2773,2915,2917,2970,2975,2984,3066,3075,3119,3131,3149,3186,3203,3315,3384,3387,3389,3395,3398,3476,3478,3508,3535,3606,3608,3623,3686,3710,3737,3740,3793,3855,3899,3933,3955,3965,4013,4012,4087,4095,4179
290,0.91191,3.369649887084961,1.108240008354187,0.8954100012779236,0.92511,0.7958099842071533,3.6542201042175293,1.2613999843597412,12,13,24,33,104,174,252,261,314,348,356,366,396,499,519,563,584,599,623,624,663,695,737,773,810,822,853,854,921,965,977,989,1008,1017,1043,1185,1223,1235,1234,1285,1318,1346,1361,1427,1474,1483,1496,1522,1574,1614,1663,1704,1717,1826,1840,1877,1888,1923,1975,1989,1998,2001,2070,2116,2187,2236,2237,2286,2289,2337,2341,2425,2437,2467,2510,2517,2521,2522,2564,2684,2740,2751,2753,2759,2769,2916,2917,2970,2976,2984,3066,3076,3120,3131,3147,3184,3204,3317,3387,3388,3393,3395,3477,3509,3536,3607,3608,3622,3688,3711,3738,3741,3792,3856,3898,3933,3954,3964,4013,4090,4092,4181
300,0.91197,3.3707900047302246,1.108620047569275,0.895110011100769,0.92637,0.789080023765564,3.685379981994629,1.2721600532531738,9,13,21,31,104,177,256,260,313,348,357,365,397,500,520,563,584,599,621,624,659,696,735,774,810,819,850,856,920,965,976,991,1007,1017,1044,1186,1225,1234,1238,1283,1318,1347,1360,1426,1471,1482,1496,1521,1577,1619,1662,1704,1710,1724,1830,1839,1876,1887,1924,1974,1990,1998,2003,2070,2115,2182,2194,2231,2239,2284,2289,2339,2342,2430,2433,2465,2510,2515,2520,2526,2563,2681,2738,2747,2755,2759,2763,2777,2916,2918,2971,2974,2985,3067,3076,3118,3131,3148,3188,3202,3320,3388,3391,3393,3476,3507,3536,3606,3609,3624,3687,3709,3740,3741,3794,3855,3899,3933,3953,3965,4012,4013,4089,4093,4180
310,0.90877,3.3110899925231934,1.088979959487915,0.9112499952316284,0.92351,0.8042600154876709,3.6158199310302734,1.2481499910354614,9,13,23,30,103,177,257,258,312,349,359,365,396,500,516,564,583,596,622,625,662,696,735,776,809,821,851,854,920,963,977,990,1006,1015,1044,1187,1227,1235,1236,1282,1318,1348,1360,1426,1470,1484,1494,1521,1576,1617,1661,1704,1714,1717,1827,1840,1877,1888,1924,1976,1990,1998,2002,2070,2113,2184,2190,2232,2238,2285,2291,2339,2431,2435,2462,2508,2516,2522,2524,2563,2689,2737,2747,2757,2761,2762,2773,2915,2917,2970,2975,2985,3067,3079,3121,3131,3146,3187,3203,3318,3383,3388,3390,3392,3396,3473,3476,3507,3536,3609,3608,3623,3688,3710,3739,3742,3794,3855,3897,3932,3954,3965,4014,4013,4090,4096,4177
320,0.90971,3.328239917755127,1.0946300029754639,0.9065499901771545,0.92437,0.7997199892997742,3.6363399028778076,1.2552299499511719,7,16,21,28,106,177,251,265,312,347,361,363,393,499,520,565,583,597,622,625,663,693,736,774,810,822,852,854,921,963,976,989,1006,1015,1042,1188,1226,1234,1240,1282,1318,1346,1360,1427,1470,1484,1494,1520,1579,1617,1663,1703,1710,1723,1828,1842,1877,1888,1924,1973,1990,1999,2001,2070,2113,2184,2192,2233,2239,2287,2291,2333,2342,2427,2438,2465,2508,2513,2521,2527,2560,2681,2736,2752,2753,2759,2766,2771,2915,2970,2975,2984,3067,3078,3120,3130,3147,3186,3202,3318,3385,3389,3390,3393,3474,3475,3509,3537,3607,3623,3688,3711,3740,3741,3795,3855,3900,3933,3954,3965,4013,4015,4089,4097,4177
330,0.91213,3.373800039291382,1.1096099615097046,0.8943099975585938,0.92454,0.7988200187683105,3.6404199600219727,1.2566399574279785,10,13,21,30,104,176,252,265,310,348,358,365,395,499,517,562,583,599,621,625,665,692,737,775,810,820,850,857,921,965,976,990,1005,1015,1043,1187,1225,1235,1236,1282,1318,1346,1359,1429,1469,1485,1492,1519,1582,1621,1661,1704,1708,1721,1828,1841,1877,1888,1924,1974,1990,1997,2001,2070,2113,2187,2191,2232,2238,2287,2293,2337,2336,2435,2437,2467,2502,2510,2526,2561,2686,2739,2747,2760,2759,2762,2777,2914,2917,2971,2974,2984,3068,3079,3119,3130,3148,3187,3202,3317,3385,3387,3389,3390,3474,3475,3508,3539,3608,3609,3623,3688,3711,3742,3743,3794,3855,3900,3933,3953,3966,4013,4015,4093,4094,4179
340,0.91479,3.4260001182556152,1.1267800331115723,0.8806899785995483,0.92817,0.7793800234794617,3.7312099933624268,1.2879799604415894,7,13,23,30,104,179,253,258,308,348,358,364,395,498,523,561,583,596,623,627,662,695,737,774,809,821,852,856,921,964,975,990,1004,1013,1044,1190,1226,1234,1237,1281,1318,1345,1359,1428,1467,1484,1495,1521,1580,1621,1662,1704,1712,1716,1828,1842,1877,1888,1925,1973,1990,1997,2000,2070,2114,2187,2193,2229,2241,2289,2291,2334,2339,2431,2442,2464,2502,2513,2515,2531,2560,2686,2739,2745,2759,2762,2768,2774,2914,2917,2971,2975,2984,3068,3080,3121,3132,3148,3186,3202,3315,3385,3388,3389,3394,3473,3475,3507,3537,3608,3623,3687,3712,3741,3742,3795,3855,3899,3933,3953,3964,4014,4091,4095,4190
350,0.91385,3.407259941101074,1.120609998703003,0.8855299949645996,0.92694,0.7860199809074402,3.6997299194335938,1.277109980583191,8,12,22,27,104,182,253,257,307,347,361,366,394,498,518,561,583,599,623,627,663,694,737,774,809,820,852,854,921,964,974,989,1006,1013,1045,1190,1227,1233,1236,1282,1318,1344,1358,1429,1468,1486,1494,1519,1580,1616,1663,1703,1709,1720,1827,1841,1876,1888,1926,1974,1991,1998,2001,2071,2112,2189,2190,2236,2238,2288,2293,2331,2340,2436,2440,2467,2505,2509,2518,2527,2560,2685,2737,2751,2758,2763,2770,2913,2916,2970,2975,2983,3068,3080,3121,3130,3148,3187,3201,3314,3387,3389,3394,3472,3473,3509,3540,3608,3624,3689,3712,3739,3742,3793,3855,3900,3933,3952,3965,4015,4012,4092,4093,4191
360,0.91594,3.4494199752807617,1.1344799995422363,0.8747100234031677,0.92983,0.770330011844635,3.775059938430786,1.3031200170516968,4,13,25,28,103,182,256,259,306,347,359,365,395,496,521,562,582,596,623,626,663,693,737,775,810,823,852,854,921,964,974,989,1005,1012,1044,1189,1227,1232,1237,1284,1317,1346,1359,1429,1468,1484,1493,1520,1578,1618,1663,1702,1709,1722,1829,1842,1877,1888,1925,1974,1990,1997,2001,2070,2114,2190,2194,2233,2235,2285,2292,2332,2346,2432,2442,2466,2501,2515,2517,2522,2561,2683,2738,2754,2756,2759,2762,2773,2914,2915,2971,2976,2983,3069,3080,3121,3131,3146,3185,3203,3314,3387,3388,3391,3393,3473,3474,3509,3537,3607,3623,3689,3712,3741,3743,3792,3856,3900,3934,3952,3963,4014,4013,4089,4094,4191
370,0.91805,3.493459939956665,1.148959994316101,0.8636800050735474,0.9338,0.7482100129127502,3.8866798877716064,1.3416399955749512,5,11,23,27,98,181,256,306,347,358,364,394,497,519,560,582,598,622,628,663,693,738,776,809,820,849,855,922,966,975,989,1004,1013,1042,1190,1227,1234,1284,1318,1344,1359,1430,1469,1484,1495,1520,1578,1618,1660,1705,1711,1716,1828,1846,1877,1889,1926,1973,1990,1997,2000,2071,2114,2190,2192,2233,2236,2287,2290,2340,2343,2431,2441,2467,2503,2510,2520,2522,2564,2686,2738,2749,2755,2759,2767,2769,2914,2917,2971,2975,2984,3068,3081,3120,3131,3146,3186,3202,3317,3385,3389,3390,3392,3474,3510,3539,3607,3624,3691,3714,3740,3744,3791,3855,3897,3935,3951,3963,4014,4012,4092,4094,4189
380,0.9159,3.448620080947876,1.134220004081726,0.8749099969863892,0.93367,0.7489500045776367,3.882819890975952,1.340309977531433,6,8,21,26,96,182,249,261,305,347,357,362,394,497,518,561,582,598,623,626,662,694,738,774,811,820,851,854,921,965,973,990,1004,1013,1042,1190,1227,1232,1235,1286,1318,1343,1358,1429,1467,1482,1496,1520,1577,1616,1662,1703,1711,1716,1827,1846,1877,1889,1928,1971,1990,1997,2000,2072,2112,2190,2192,2232,2241,2288,2290,2338,2343,2434,2438,2469,2506,2507,2513,2528,2565,2688,2736,2746,2757,2764,2766,2768,2915,2916,2971,2975,2984,3068,3081,3119,3131,3146,3186,3201,3316,3385,3387,3388,3391,3393,3473,3475,3508,3538,3607,3624,3691,3715,3741,3743,3793,3856,3898,3935,3950,3962,4011,4015,4095,4186
390,0.91819,3.496490001678467,1.1499600410461426,0.8629299998283386,0.93379,0.74822998046875,3.886549949645996,1.341599941253662,5,7,20,25,94,183,249,256,305,345,354,360,395,497,519,561,581,598,622,627,664,694,739,774,811,822,851,852,922,964,972,990,1004,1013,1042,1190,1228,1231,1235,1284,1318,1343,1358,1430,1467,1483,1494,1518,1577,1619,1662,1699,1706,1717,1826,1844,1877,1889,1928,1970,1991,1997,2001,2072,2115,2189,2195,2239,2237,2286,2295,2338,2436,2438,2470,2499,2511,2516,2528,2563,2686,2734,2752,2757,2763,2765,2768,2913,2918,2971,2975,2984,3069,3081,3119,3130,3147,3188,3202,3316,3384,3386,3391,3390,3473,3474,3509,3538,3607,3608,3624,3690,3716,3743,3792,3856,3899,3934,3949,3964,4013,4014,4095,4100,4184
400,0.90929,3.3206400871276855,1.0921299457550049,0.9086300134658813,0.92705,0.7854400277137756,3.7024600505828857,1.278059959411621,2,6,20,23,92,183,250,252,305,344,353,361,393,496,518,560,583,598,623,626,664,694,737,775,812,821,850,853,922,964,972,992,1003,1011,1043,1191,1228,1231,1235,1284,1317,1343,1358,1428,1466,1482,1493,1520,1577,1619,1657,1698,1709,1715,1826,1846,1877,1889,1928,1970,1991,1997,2000,2072,2116,2192,2195,2235,2241,2288,2296,2335,2341,2435,2442,2468,2500,2509,2521,2524,2563,2686,2737,2755,2756,2761,2766,2768,2913,2914,2971,2975,2983,3069,3081,3122,3131,3145,3185,3200,3313,3384,3385,3387,3389,3398,3472,3474,3509,3538,3608,3607,3624,3691,3718,3742,3744,3794,3856,3898,3935,3949,3962,4015,4014,4096,4098,4180
410,0.91206,3.372380018234253,1.1091400384902954,0.8946899771690369,0.92594,0.7914000153541565,3.6745800971984863,1.2684299945831299,3,6,17,21,97,183,246,259,302,343,354,360,391,499,519,562,582,597,622,625,662,694,736,776,810,822,849,850,922,966,972,990,1005,1013,1040,1192,1228,1233,1235,1285,1321,1341,1357,1427,1466,1480,1494,1520,1575,1619,1657,1701,1712,1827,1847,1878,1890,1929,1967,1991,1997,2000,2072,2118,2192,2196,2236,2235,2292,2293,2337,2340,2435,2447,2470,2506,2509,2516,2524,2563,2690,2735,2751,2758,2760,2765,2769,2914,2916,2972,2974,2985,3071,3082,3119,3130,3149,3188,3200,3312,3386,3387,3389,3390,3394,3473,3506,3542,3609,3626,3688,3714,3744,3793,3857,3898,3933,3950,3966,4014,4097,4101,4176
420,0.91797,3.4918899536132812,1.1484500169754028,0.8640699982643127,0.93118,0.7628399729728699,3.8121299743652344,1.3159099817276,3,6,24,25,99,184,245,256,301,342,352,361,393,496,518,561,581,597,621,624,663,693,737,775,810,822,848,851,922,964,973,991,1007,1013,1043,1193,1227,1230,1238,1283,1323,1343,1356,1428,1465,1482,1491,1518,1574,1619,1660,1703,1722,1827,1845,1879,1890,1926,1968,1992,1995,2001,2072,2115,2193,2229,2243,2288,2299,2339,2436,2449,2467,2508,2507,2513,2527,2565,2685,2732,2751,2757,2761,2762,2769,2913,2915,2971,2974,2984,3070,3084,3122,3132,3147,3187,3199,3311,3387,3389,3390,3395,3474,3506,3538,3607,3609,3621,3686,3714,3745,3794,3857,3898,3935,3949,3966,4014,4099,4101,4182
430,0.91612,3.4531800746917725,1.1357200145721436,0.8737499713897705,0.93281,0.7537999749183655,3.8578600883483887,1.3316999673843384,2,9,24,25,96,183,247,251,300,340,354,362,391,497,519,559,581,598,621,626,664,694,736,775,811,822,850,852,923,962,972,991,1006,1013,1044,1192,1229,1231,1235,1283,1321,1346,1357,1427,1462,1480,1492,1520,1574,1619,1661,1690,1712,1721,1826,1848,1878,1889,1927,1970,1991,1995,2000,2072,2116,2191,2198,2238,2237,2287,2298,2337,2343,2440,2449,2465,2500,2511,2517,2523,2566,2686,2736,2751,2755,2758,2768,2770,2912,2916,2971,2976,2983,3071,3085,3120,3133,3146,3187,3197,3312,3382,3390,3391,3392,3395,3473,3474,3510,3540,3607,3609,3622,3687,3716,3742,3743,3793,3855,3898,3935,3949,3963,4013,4016,4097,4098,4191
440,0.91894,3.5127499103546143,1.155310034751892,0.8589400053024292,0.93817,0.7231000065803528,4.02161979675293,1.3882299661636353,3,8,21,24,92,178,250,251,298,339,355,360,394,497,518,560,582,597,622,626,664,694,738,775,812,823,848,853,925,964,971,990,1004,1013,1043,1194,1227,1230,1233,1282,1319,1341,1356,1430,1462,1482,1495,1519,1576,1619,1661,1693,1715,1717,1825,1849,1878,1891,1928,1969,1990,1996,1999,2073,2117,2194,2195,2237,2239,2288,2299,2339,2340,2442,2447,2466,2503,2513,2516,2520,2566,2684,2734,2751,2753,2761,2769,2771,2914,2915,2971,2975,2984,3071,3084,3122,3132,3145,3186,3200,3316,3382,3389,3391,3392,3394,3474,3509,3541,3608,3622,3689,3718,3742,3744,3790,3856,3898,3934,3947,3962,4016,4015,4094,4098,4193
450,0.91395,3.4092800617218018,1.1212799549102783,0.8849999904632568,0.92792,0.7807499766349792,3.7246999740600586,1.285730004310608,3,7,18,21,94,178,243,257,299,339,355,359,396,496,514,561,580,598,623,629,663,693,735,777,811,820,854,924,968,972,990,1004,1013,1043,1196,1226,1230,1231,1280,1319,1340,1356,1427,1462,1482,1496,1519,1579,1618,1660,1699,1711,1719,1826,1847,1878,1889,1929,1967,1991,1995,1999,2072,2121,2195,2234,2241,2287,2298,2341,2344,2443,2446,2465,2511,2514,2515,2517,2562,2686,2733,2750,2762,2768,2771,2912,2915,2971,2973,2983,3070,3085,3119,3130,3147,3191,3200,3311,3386,3388,3389,3394,3472,3476,3504,3544,3608,3625,3688,3717,3743,3744,3790,3857,3899,3934,3946,3963,4017,4019,4098,4101,4191
460,0.91838,3.5006000995635986,1.1513099670410156,0.8619199991226196,0.93572,0.7372499704360962,3.9444799423217773,1.3616000413894653,2,9,21,25,98,182,243,258,300,340,352,361,395,494,515,561,582,594,625,626,660,695,737,777,813,820,845,858,925,968,973,990,1002,1013,1043,1198,1225,1231,1236,1279,1318,1342,1356,1428,1461,1483,1491,1519,1575,1623,1662,1700,1709,1721,1827,1846,1880,1891,1929,1970,1992,1993,1999,2072,2124,2194,2197,2231,2243,2284,2297,2341,2347,2446,2447,2466,2505,2513,2523,2561,2682,2739,2747,2750,2763,2769,2770,2912,2913,2972,2976,2984,3072,3085,3122,3132,3147,3185,3200,3311,3385,3389,3390,3391,3474,3475,3505,3540,3607,3608,3623,3688,3716,3745,3743,3791,3858,3901,3934,3947,3962,4013,4023,4102,4101,4191
470,0.90867,3.3092598915100098,1.088379979133606,0.9117500185966492,0.92605,0.7907800078392029,3.6774299144744873,1.2694200277328491,2,9,25,93,180,247,254,300,340,353,358,392,494,517,560,580,597,622,626,663,695,739,775,811,824,852,855,928,966,971,988,1004,1011,1045,1194,1225,1231,1280,1319,1343,1356,1430,1462,1480,1493,1518,1576,1619,1662,1699,1712,1714,1826,1849,1878,1889,1928,1971,1991,1994,1999,2073,2120,2195,2200,2240,2241,2286,2299,2340,2344,2443,2454,2467,2505,2507,2521,2524,2566,2688,2740,2749,2751,2760,2765,2773,2913,2915,2970,2975,2983,3073,3085,3121,3132,3146,3187,3199,3313,3383,3387,3391,3392,3393,3474,3475,3509,3541,3608,3623,3690,3718,3741,3744,3791,3855,3897,3934,3947,3960,4018,4024,4097,4105,4189
480,0.91479,3.4260799884796143,1.1267999410629272,0.8806700110435486,0.93459,0.7437300086021423,3.9100799560546875,1.3497200012207031,6,8,20,25,93,180,247,252,298,339,354,361,392,497,515,560,580,597,622,627,662,694,738,777,815,821,849,853,926,967,972,991,1004,1013,1043,1195,1226,1229,1231,1280,1320,1336,1356,1428,1462,1481,1495,1519,1575,1619,1661,1698,1709,1720,1826,1849,1878,1891,1929,1968,1991,1996,2000,2074,2120,2197,2199,2240,2245,2287,2302,2337,2343,2441,2458,2465,2500,2514,2516,2528,2566,2683,2740,2752,2754,2757,2768,2771,2912,2914,2972,2975,2984,3074,3085,3122,3132,3147,3188,3200,3313,3385,3388,3391,3394,3474,3506,3540,3608,3623,3690,3719,3744,3745,3790,3856,3899,3934,3946,3961,4020,4024,4097,4105,4189
490,0.91819,3.4965999126434326,1.149999976158142,0.8629000186920166,0.93784,0.7250300049781799,4.010930061340332,1.3845399618148804,1,8,23,26,97,179,247,256,296,341,351,359,394,496,517,561,581,598,622,625,661,697,736,776,814,822,849,852,924,966,971,989,1005,1013,1042,1195,1225,1230,1233,1280,1316,1334,1356,1432,1465,1481,1494,1520,1575,1620,1664,1694,1708,1722,1826,1848,1879,1890,1927,1968,1991,1994,1999,2073,2123,2197,2200,2238,2243,2285,2302,2337,2340,2446,2458,2466,2503,2511,2518,2531,2563,2684,2738,2746,2757,2762,2765,2777,2913,2914,2971,2975,2984,3075,3086,3122,3133,3146,3188,3200,3314,3385,3386,3391,3390,3394,3475,3474,3506,3542,3607,3623,3692,3718,3742,3746,3789,3856,3897,3934,3947,3961,4023,4024,4098,4105,4188
500,0.91671,3.4652700424194336,1.1396900415420532,0.870710015296936,0.93405,0.7467600107192993,3.894200086593628,1.3442399501800537,7,8,22,23,95,181,250,255,299,339,352,358,393,495,514,562,578,596,624,626,665,694,736,777,813,819,853,856,924,966,971,992,1004,1015,1042,1194,1225,1230,1277,1321,1335,1356,1434,1464,1480,1495,1520,1580,1621,1660,1697,1706,1718,1825,1846,1878,1890,1929,1964,1992,1995,1999,2073,2124,2197,2200,2236,2242,2288,2303,2337,2342,2451,2461,2464,2510,2511,2516,2525,2565,2679,2736,2745,2755,2764,2767,2773,2912,2914,2970,2974,2984,3074,3087,3119,3132,3146,3189,3199,3309,3386,3388,3390,3393,3474,3504,3542,3606,3609,3624,3690,3718,3742,3745,3790,3857,3899,3934,3946,3963,4025,4027,4100,4105,4186
510,0.9177,3.486020088195801,1.1465200185775757,0.8655200004577637,0.93677,0.7312300205230713,3.9769198894500732,1.3727999925613403,2,10,23,26,98,182,253,297,340,355,360,393,491,517,560,580,597,623,627,663,694,737,776,813,822,850,855,925,966,970,991,1004,1013,1041,1196,1226,1230,1232,1275,1319,1340,1355,1438,1466,1481,1495,1519,1578,1620,1657,1695,1709,1717,1824,1846,1880,1890,1929,1968,1992,1994,1999,2073,2122,2201,2203,2238,2288,2302,2339,2342,2452,2457,2470,2507,2514,2516,2522,2565,2682,2738,2748,2750,2766,2767,2912,2915,2972,2974,2983,3073,3087,3124,3134,3144,3186,3199,3314,3386,3389,3392,3393,3473,3475,3509,3540,3608,3622,3690,3719,3744,3745,3789,3857,3899,3934,3946,3961,4025,4031,4099,4104,4185
520,0.92041,3.5450599193573,1.1659300327301025,0.8511099815368652,0.93962,0.7145699858665466,4.069660186767578,1.4048099517822266,3,9,24,25,95,180,249,255,297,340,353,361,392,493,517,560,579,597,622,626,664,693,737,776,811,821,852,855,926,965,971,991,1005,1013,1042,1196,1224,1230,1232,1276,1320,1336,1356,1441,1466,1480,1495,1521,1582,1614,1661,1696,1709,1716,1826,1846,1879,1890,1928,1969,1991,1996,1998,2073,2121,2201,2204,2235,2241,2288,2302,2341,2453,2477,2505,2517,2520,2521,2566,2685,2738,2748,2751,2759,2767,2772,2913,2912,2972,2975,2984,3074,3086,3123,3133,3146,3187,3200,3312,3385,3388,3391,3393,3394,3474,3475,3507,3542,3607,3609,3623,3691,3720,3743,3745,3789,3855,3898,3934,3946,3961,4031,4030,4099,4104,4182
530,0.91681,3.467400074005127,1.1403900384902954,0.870169997215271,0.93533,0.7395099997520447,3.932379961013794,1.3574199676513672,2,7,24,25,92,178,250,253,296,340,353,359,392,495,517,560,580,598,622,626,663,694,736,777,813,819,851,853,925,964,970,990,1005,1013,1041,1198,1227,1229,1234,1273,1322,1335,1356,1443,1468,1479,1495,1520,1583,1619,1662,1695,1710,1715,1825,1847,1879,1890,1929,1966,1991,1996,1999,2073,2123,2202,2239,2241,2288,2302,2339,2346,2452,2453,2472,2507,2516,2521,2523,2563,2681,2738,2747,2752,2759,2768,2769,2913,2915,2971,2976,2983,3075,3086,3121,3131,3146,3188,3199,3313,3385,3386,3389,3392,3395,3474,3506,3542,3607,3609,3624,3692,3720,3744,3745,3790,3855,3897,3933,3947,3964,4030,4035,4098,4106,4182
540,0.9205,3.547070026397705,1.166599988937378,0.850629985332489,0.93893,0.7186400294303894,4.046599864959717,1.3968499898910522,4,7,19,24,90,178,251,253,295,341,352,361,392,496,514,559,580,598,624,625,660,692,736,776,813,820,850,851,926,965,971,991,1006,1012,1040,1198,1226,1231,1233,1274,1318,1339,1357,1441,1469,1480,1496,1521,1580,1617,1661,1691,1713,1719,1826,1850,1878,1887,1931,1968,1991,1996,1999,2072,2124,2202,2203,2237,2242,2289,2302,2344,2345,2447,2456,2471,2510,2514,2516,2531,2565,2680,2740,2749,2750,2762,2763,2774,2911,2915,2971,2975,2983,3073,3088,3124,3132,3146,3187,3198,3312,3385,3388,3391,3393,3473,3475,3508,3539,3608,3623,3689,3719,3744,3745,3791,3857,3896,3935,3947,3962,4033,4035,4098,4107,4181
550,0.9206,3.549269914627075,1.1673200130462646,0.8500999808311462,0.93985,0.7131800055503845,4.077579975128174,1.407539963722229,0,7,23,95,178,248,256,296,340,354,357,392,494,516,560,581,596,624,626,663,693,735,777,810,821,850,853,926,964,970,992,1004,1012,1042,1199,1225,1229,1236,1273,1323,1337,1357,1444,1468,1479,1494,1521,1583,1620,1664,1693,1713,1717,1825,1848,1880,1887,1930,1969,1991,1996,1998,2073,2122,2200,2204,2239,2240,2287,2304,2339,2348,2453,2456,2472,2510,2512,2520,2529,2568,2682,2741,2745,2755,2758,2766,2767,2913,2970,2976,2984,3074,3088,3122,3132,3146,3189,3197,3312,3386,3387,3388,3393,3395,3472,3475,3507,3540,3606,3610,3623,3690,3721,3745,3790,3856,3896,3935,3945,3963,4033,4038,4098,4105,4180
560,0.91853,3.5038399696350098,1.1523799896240234,0.8611199855804443,0.93474,0.7428799867630005,3.9145400524139404,1.3512599468231201,2,6,20,22,96,180,251,293,339,354,362,392,496,516,559,579,598,623,626,661,692,736,777,811,818,852,854,927,964,973,991,1006,1013,1042,1199,1226,1230,1233,1271,1319,1337,1358,1443,1468,1479,1495,1521,1583,1613,1662,1693,1713,1715,1825,1846,1880,1889,1930,1967,1991,1997,1998,2073,2119,2201,2202,2237,2239,2286,2305,2342,2345,2450,2458,2471,2511,2515,2522,2525,2567,2682,2736,2750,2752,2761,2762,2772,2912,2911,2971,2974,2984,3074,3088,3123,3132,3145,3188,3199,3312,3388,3390,3393,3472,3474,3506,3540,3608,3610,3624,3688,3720,3745,3790,3856,3896,3935,3945,3964,4036,4038,4099,4104,4179
570,0.91912,3.5164999961853027,1.156540036201477,0.858020007610321,0.93816,0.7231600284576416,4.02131986618042,1.3881200551986694,3,7,18,23,96,181,247,255,293,340,352,360,392,493,515,559,580,598,622,625,662,691,738,775,813,819,850,854,927,966,972,993,1007,1013,1042,1199,1227,1230,1234,1271,1322,1336,1357,1443,1470,1478,1495,1520,1582,1616,1661,1696,1710,1716,1826,1847,1879,1889,1928,1967,1991,1997,1999,2073,2120,2199,2206,2236,2238,2286,2304,2340,2346,2452,2459,2467,2512,2518,2519,2523,2567,2679,2738,2746,2754,2757,2765,2769,2911,2916,2971,2975,2984,3076,3089,3121,3132,3147,3189,3198,3313,3385,3388,3390,3393,3473,3474,3505,3542,3607,3609,3623,3689,3721,3744,3792,3855,3897,3934,3946,3964,4035,4038,4098,4103,4176
580,0.91983,3.532089948654175,1.1616699695587158,0.8542299866676331,0.94027,0.7106800079345703,4.091939926147461,1.412500023841858,3,6,22,23,93,181,248,252,293,340,354,362,390,494,515,558,579,598,621,626,662,694,738,776,812,819,853,855,926,966,970,991,1005,1013,1042,1198,1226,1232,1234,1270,1323,1335,1357,1445,1468,1479,1496,1521,1581,1620,1659,1692,1709,1718,1825,1849,1879,1888,1930,1969,1991,1998,1999,2073,2119,2201,2204,2234,2240,2286,2305,2340,2345,2457,2459,2466,2510,2517,2523,2565,2683,2738,2748,2754,2761,2773,2912,2970,2974,2984,3075,3089,3122,3133,3146,3187,3197,3309,3383,3387,3391,3393,3397,3473,3474,3507,3540,3607,3609,3623,3688,3720,3744,3789,3857,3896,3934,3945,3963,4038,4039,4099,4103,4180
590,0.91868,3.5069398880004883,1.15339994430542,0.8603600263595581,0.94039,0.7100099921226501,4.095799922943115,1.413830041885376,1,6,17,24,93,179,247,253,296,339,352,358,390,493,515,559,579,597,624,627,661,694,738,777,813,818,852,857,926,964,970,991,1007,1014,1042,1198,1226,1231,1269,1319,1335,1357,1445,1471,1478,1495,1520,1584,1617,1659,1691,1710,1718,1825,1848,1879,1889,1931,1969,1992,1995,1998,2072,2119,2202,2236,2238,2286,2305,2341,2344,2453,2463,2465,2506,2516,2520,2531,2566,2683,2738,2751,2757,2767,2768,2912,2913,2971,2974,2984,3074,3088,3122,3133,3146,3188,3197,3313,3383,3389,3391,3393,3394,3473,3508,3540,3609,3608,3623,3690,3720,3744,3790,3856,3896,3935,3945,3961,4042,4044,4097,4101,4183
600,0.91168,3.365220069885254,1.1067899465560913,0.896589994430542,0.93246,0.7557600140571594,3.8478500843048096,1.3282400369644165,2,5,18,22,93,179,249,295,341,352,360,391,492,515,559,579,599,623,625,661,695,737,777,813,817,851,855,926,965,971,993,1006,1013,1040,1200,1223,1229,1233,1270,1320,1334,1357,1446,1469,1477,1495,1520,1586,1619,1660,1691,1709,1716,1825,1847,1880,1890,1931,1966,1992,1995,1998,2073,2122,2203,2236,2235,2287,2307,2339,2342,2453,2464,2470,2511,2517,2519,2527,2565,2682,2736,2744,2756,2760,2764,2771,2913,2972,2976,2984,3075,3089,3122,3132,3145,3188,3196,3312,3385,3387,3390,3392,3474,3506,3542,3606,3608,3623,3689,3720,3745,3791,3856,3895,3935,3944,3961,4046,4047,4099,4100,4183
610,0.91784,3.489069938659668,1.1475199460983276,0.8647699952125549,0.94092,0.7068099975585938,4.114299774169922,1.4202200174331665,3,5,23,24,93,181,252,294,339,352,360,392,493,516,560,579,595,622,627,660,693,737,778,811,818,849,858,926,966,971,991,1008,1012,1041,1200,1226,1231,1235,1270,1318,1335,1357,1446,1469,1478,1494,1522,1585,1621,1661,1693,1714,1718,1825,1847,1878,1889,1931,1968,1992,1994,1998,2073,2124,2203,2233,2235,2288,2307,2336,2338,2453,2465,2468,2514,2516,2519,2523,2564,2679,2739,2745,2756,2761,2765,2769,2911,2972,2974,2984,3074,3091,3124,3133,3146,3188,3197,3312,3384,3391,3393,3472,3474,3506,3541,3608,3607,3622,3688,3720,3743,3745,3790,3856,3895,3936,3945,3962,4049,4050,4100,4101,4184
620,0.92074,3.552380084991455,1.1683399677276611,0.8493599891662598,0.94174,0.7019199728965759,4.142980098724365,1.4301199913024902,0,7,20,24,95,182,249,253,294,339,352,360,389,494,517,559,579,599,620,627,661,692,735,776,812,820,852,856,928,963,973,993,1006,1014,1041,1200,1225,1231,1233,1269,1319,1335,1357,1446,1471,1477,1495,1520,1585,1618,1663,1693,1712,1716,1826,1848,1879,1888,1931,1967,1991,1995,1998,2073,2121,2203,2204,2235,2237,2285,2308,2333,2339,2458,2463,2468,2507,2513,2521,2529,2567,2680,2743,2747,2757,2761,2764,2767,2912,2970,2974,2984,3075,3090,3124,3133,3146,3188,3196,3312,3381,3389,3393,3394,3473,3474,3507,3539,3607,3608,3622,3689,3719,3743,3744,3790,3855,3895,3936,3944,3962,4050,4055,4100,4101,4183
630,0.92183,3.577049970626831,1.1764600276947021,0.843500018119812,0.94095,0.7066599726676941,4.115220069885254,1.4205399751663208,0,7,20,21,93,179,244,255,293,339,353,358,392,494,518,557,580,598,623,627,662,693,736,776,811,818,850,855,928,966,973,993,1007,1012,1042,1199,1225,1230,1231,1268,1321,1332,1357,1448,1471,1478,1496,1521,1586,1617,1661,1690,1713,1718,1825,1847,1880,1887,1930,1967,1991,1993,1998,2073,2121,2203,2206,2235,2239,2284,2308,2336,2339,2461,2473,2510,2513,2523,2530,2570,2680,2741,2750,2757,2763,2765,2912,2971,2975,2983,3074,3089,3124,3132,3146,3188,3196,3313,3381,3388,3391,3397,3473,3475,3509,3543,3608,3609,3623,3689,3720,3743,3745,3791,3856,3894,3935,3943,3961,4055,4053,4099,4101,4181
640,0.91983,3.5321600437164307,1.1616899967193604,0.8542199730873108,0.94086,0.7071599960327148,4.11230993270874,1.4195300340652466,1,6,19,21,91,180,242,255,294,340,353,357,393,494,518,558,578,597,621,625,660,693,737,776,812,820,851,855,926,965,972,993,1007,1012,1041,1199,1225,1226,1238,1269,1319,1333,1357,1449,1472,1476,1495,1521,1586,1620,1660,1692,1713,1717,1826,1848,1879,1889,1931,1966,1991,1995,1998,2072,2124,2204,2237,2238,2282,2308,2335,2341,2452,2464,2472,2514,2516,2521,2528,2573,2680,2740,2752,2755,2758,2767,2769,2912,2971,2975,2984,3075,3090,3124,3132,3144,3188,3197,3314,3380,3386,3390,3393,3474,3507,3542,3607,3623,3689,3721,3745,3744,3791,3857,3894,3934,3943,3962,4055,4056,4101,4180
650,0.91949,3.5246200561523438,1.159209966659546,0.8560400009155273,0.94096,0.7065600156784058,4.115779876708984,1.4207299947738647,1,5,21,89,181,249,252,294,341,351,361,392,493,517,557,578,597,621,625,661,692,738,775,811,816,852,856,928,966,971,992,1007,1012,1041,1199,1220,1232,1234,1270,1319,1330,1358,1448,1473,1478,1496,1520,1584,1619,1659,1692,1715,1718,1826,1848,1878,1892,1931,1966,1991,1993,1998,2073,2124,2204,2234,2239,2283,2307,2338,2342,2453,2463,2474,2515,2520,2522,2523,2572,2679,2741,2748,2750,2758,2771,2772,2912,2913,2972,2975,2983,3075,3091,3124,3131,3147,3187,3196,3310,3381,3388,3387,3389,3392,3473,3508,3541,3607,3608,3622,3689,3720,3743,3745,3790,3855,3892,3935,3944,3961,4057,4058,4100,4102,4192
660,0.91736,3.478830099105835,1.1441500186920166,0.8673099875450134,0.93577,0.7369700074195862,3.9459800720214844,1.3621100187301636,1,5,20,22,91,183,244,256,294,339,350,357,391,492,516,558,578,597,622,627,659,694,733,776,811,817,849,855,928,966,972,991,1008,1012,1041,1198,1222,1230,1233,1268,1318,1334,1357,1448,1470,1477,1496,1521,1586,1618,1659,1687,1711,1718,1826,1848,1880,1887,1931,1967,1990,1994,1997,2073,2123,2203,2204,2237,2238,2284,2309,2338,2341,2454,2462,2477,2510,2513,2523,2535,2574,2680,2738,2748,2752,2765,2768,2769,2911,2912,2971,2974,2984,3074,3091,3126,3133,3145,3187,3197,3311,3379,3384,3389,3394,3473,3509,3539,3607,3609,3625,3688,3719,3743,3746,3789,3857,3893,3935,3943,3962,4059,4102,4103,4197
670,0.92078,3.553270101547241,1.1686400175094604,0.8491399884223938,0.94399,0.6881899833679199,4.225639820098877,1.45864999294281,2,6,22,21,91,184,242,259,292,339,351,357,391,492,516,557,579,595,622,625,662,693,735,775,809,819,850,857,926,964,973,992,1006,1012,1040,1200,1225,1229,1236,1268,1318,1333,1357,1447,1472,1476,1494,1521,1583,1620,1658,1692,1714,1721,1826,1846,1879,1888,1930,1967,1990,1995,1999,2074,2123,2203,2234,2238,2283,2307,2334,2341,2460,2461,2478,2507,2519,2520,2540,2575,2682,2733,2748,2755,2764,2768,2911,2912,2971,2975,2984,3076,3092,3124,3133,3146,3188,3195,3312,3379,3383,3386,3391,3396,3473,3474,3506,3542,3607,3621,3688,3720,3745,3791,3856,3894,3935,3944,3961,4060,4102,4104,4197
680,0.9225,3.592410087585449,1.1815099716186523,0.8398900032043457,0.94536,0.6797299981117249,4.2782697677612305,1.4768199920654297,1,5,19,23,93,184,246,252,293,339,352,358,389,493,517,556,578,596,621,625,659,693,736,776,810,817,850,856,927,966,973,991,1006,1011,1041,1199,1225,1228,1233,1268,1320,1332,1358,1449,1470,1478,1496,1521,1585,1619,1659,1691,1710,1718,1826,1848,1879,1886,1931,1967,1991,1995,1998,2074,2126,2202,2204,2234,2238,2281,2307,2336,2344,2457,2463,2476,2510,2515,2525,2533,2574,2680,2739,2748,2757,2764,2774,2911,2912,2970,2974,2984,3076,3091,3125,3132,3146,3188,3195,3311,3381,3383,3391,3392,3475,3474,3507,3541,3607,3609,3623,3688,3721,3744,3745,3791,3856,3893,3934,3943,3961,4059,4061,4103,4196
690,0.9227,3.5970699787139893,1.1830400228500366,0.8388000130653381,0.94129,0.7045999765396118,4.1272101402282715,1.4246699810028076,-1,5,19,91,184,247,254,294,339,352,358,389,492,518,557,578,595,619,626,660,692,734,772,811,814,850,857,929,965,971,994,1006,1013,1043,1199,1225,1228,1234,1267,1318,1330,1358,1450,1474,1478,1495,1520,1588,1618,1656,1688,1713,1718,1826,1846,1880,1888,1931,1967,1991,1994,1997,2074,2126,2203,2205,2239,2279,2308,2338,2341,2460,2461,2480,2513,2517,2524,2529,2574,2680,2741,2751,2760,2759,2770,2769,2913,2912,2972,2976,2983,3075,3091,3123,3131,3147,3188,3195,3312,3380,3385,3389,3391,3394,3473,3474,3508,3544,3608,3610,3624,3690,3721,3745,3744,3790,3856,3893,3933,3943,3960,4062,4061,4103,4104,4195
700,0.92321,3.608920097351074,1.1869399547576904,0.8360499739646912,0.94419,0.6869699954986572,4.233170032501221,1.4612499475479126,2,5,22,21,93,187,248,256,294,338,353,360,392,490,516,557,576,596,622,623,663,692,735,773,809,815,852,855,926,967,972,992,1006,1010,1042,1200,1226,1231,1238,1268,1320,1337,1358,1448,1471,1477,1496,1522,1585,1621,1659,1693,1716,1718,1825,1848,1878,1889,1930,1967,1991,1995,1998,2072,2128,2205,2206,2234,2241,2280,2308,2337,2344,2457,2465,2478,2513,2519,2523,2531,2574,2677,2744,2749,2751,2763,2770,2779,2910,2911,2971,2976,2984,3074,3091,3126,3133,3147,3186,3195,3313,3383,3387,3388,3390,3392,3473,3474,3506,3540,3607,3608,3621,3688,3719,3745,3746,3790,3857,3893,3935,3944,3960,4060,4065,4103,4106,4193
710,0.92224,3.5864999294281006,1.179569959640503,0.8412700295448303,0.94488,0.6827300190925598,4.259469985961914,1.470329999923706,0,5,22,88,186,253,254,294,337,351,357,391,492,518,556,577,596,620,626,659,689,736,775,809,816,853,855,926,965,970,992,1007,1016,1041,1198,1225,1230,1233,1270,1319,1333,1359,1449,1472,1477,1496,1520,1585,1619,1663,1686,1716,1719,1826,1848,1879,1887,1931,1968,1990,1996,1998,2073,2125,2206,2207,2237,2242,2278,2310,2336,2342,2464,2479,2515,2519,2523,2526,2575,2679,2743,2755,2754,2761,2769,2771,2911,2912,2971,2975,2983,3074,3091,3123,3133,3146,3186,3196,3314,3382,3385,3391,3392,3474,3508,3542,3606,3609,3623,3689,3721,3743,3745,3790,3855,3892,3935,3943,3960,4064,4102,4108,4192
720,0.91857,3.5047800540924072,1.152690052986145,0.8608899712562561,0.94381,0.6892899870872498,4.218929767608643,1.4563299417495728,1,4,18,22,87,184,250,254,293,337,353,359,390,491,517,556,578,595,621,625,660,689,734,775,811,816,850,857,925,965,971,993,1007,1011,1041,1198,1226,1229,1232,1268,1321,1333,1359,1449,1472,1477,1499,1521,1583,1618,1661,1689,1716,1718,1826,1848,1878,1888,1932,1965,1991,1993,1997,2074,2124,2206,2207,2241,2240,2277,2310,2338,2342,2458,2467,2476,2513,2518,2522,2527,2576,2681,2742,2755,2761,2763,2765,2767,2912,2972,2974,2984,3075,3090,3124,3133,3145,3187,3196,3315,3383,3385,3391,3392,3393,3473,3475,3509,3541,3608,3609,3623,3690,3721,3744,3746,3790,3855,3893,3934,3943,3959,4064,4067,4100,4107,4191
730,0.91712,3.4739201068878174,1.1425399780273438,0.8685399889945984,0.94368,0.6901000142097473,4.213930130004883,1.454609990119934,1,2,21,23,88,187,250,254,293,338,352,359,391,491,518,557,577,595,620,625,659,691,735,776,811,816,850,858,924,966,971,992,1005,1012,1042,1198,1224,1231,1234,1268,1321,1333,1359,1449,1472,1476,1496,1520,1582,1620,1660,1690,1709,1723,1825,1847,1878,1888,1928,1965,1991,1994,1998,2073,2129,2205,2207,2235,2241,2277,2310,2336,2343,2463,2465,2472,2516,2518,2533,2576,2676,2744,2753,2763,2764,2771,2770,2911,2971,2974,2984,3075,3091,3125,3134,3146,3188,3195,3313,3385,3387,3392,3396,3474,3473,3506,3541,3607,3608,3623,3689,3722,3744,3746,3790,3856,3893,3934,3943,3960,4066,4067,4101,4106,4192
740,0.92192,3.5790600776672363,1.1771199703216553,0.8430200219154358,0.94755,0.6659600138664246,4.366710186004639,1.507349967956543,1,4,21,22,86,189,253,254,294,336,351,357,391,491,516,556,576,595,620,625,659,690,735,775,809,816,851,857,927,963,972,994,1005,1013,1042,1196,1223,1230,1231,1267,1319,1330,1360,1449,1470,1477,1496,1519,1582,1619,1658,1687,1710,1720,1826,1847,1878,1888,1930,1966,1991,1994,1998,2073,2126,2206,2207,2238,2241,2276,2308,2334,2342,2462,2467,2473,2508,2517,2525,2531,2576,2679,2748,2755,2763,2767,2773,2912,2913,2971,2975,2984,3075,3091,3123,3133,3146,3188,3195,3312,3382,3386,3392,3394,3474,3508,3542,3606,3608,3623,3690,3721,3745,3746,3790,3856,3892,3934,3943,3960,4065,4067,4103,4107,4191
750,0.91842,3.5014801025390625,1.1516000032424927,0.8616999983787537,0.94614,0.6748499870300293,4.309209823608398,1.4874999523162842,1,3,20,22,87,188,251,256,292,338,351,359,391,491,515,556,578,595,621,624,659,689,735,774,809,816,851,857,927,965,971,993,1006,1012,1042,1196,1223,1229,1232,1266,1318,1333,1358,1449,1471,1477,1497,1520,1582,1619,1657,1689,1713,1718,1826,1848,1878,1887,1932,1965,1990,1994,1996,2073,2128,2204,2208,2239,2241,2276,2310,2336,2339,2462,2466,2476,2513,2517,2526,2528,2575,2679,2749,2754,2763,2766,2768,2769,2912,2971,2974,2984,3075,3091,3124,3134,3144,3188,3195,3314,3380,3388,3391,3395,3474,3509,3541,3607,3609,3624,3689,3722,3745,3746,3789,3855,3892,3934,3942,3959,4066,4067,4104,4105,4190
760,0.91817,3.496040105819702,1.1498099565505981,0.8630399703979492,0.94391,0.6886799931526184,4.222670078277588,1.4576300382614136,0,3,21,20,85,187,252,253,293,339,351,356,390,490,517,555,576,596,619,625,661,688,735,773,810,816,852,859,926,964,971,994,1006,1013,1041,1196,1224,1228,1232,1264,1319,1331,1358,1449,1470,1476,1497,1519,1583,1619,1659,1688,1713,1719,1826,1847,1878,1887,1929,1965,1991,1994,1997,2073,2129,2205,2207,2240,2241,2276,2311,2338,2339,2461,2463,2477,2515,2519,2524,2528,2575,2679,2750,2754,2762,2764,2765,2773,2911,2912,2971,2975,2984,3074,3091,3123,3133,3146,3188,3196,3314,3379,3387,3389,3392,3394,3473,3474,3508,3542,3607,3608,3623,3690,3722,3745,3790,3856,3892,3934,3943,3959,4067,4068,4104,4106,4191
770,0.91453,3.4209001064300537,1.125100016593933,0.8820000290870667,0.94123,0.7049499750137329,4.125209808349609,1.4239799976348877,1,4,18,22,87,187,251,254,295,339,351,358,390,490,515,556,577,595,622,623,657,690,732,775,808,817,853,858,926,964,972,994,1006,1012,1041,1198,1224,1228,1231,1264,1318,1331,1359,1446,1471,1477,1497,1520,1581,1619,1658,1688,1716,1718,1826,1848,1877,1888,1931,1966,1991,1993,1997,2073,2131,2205,2208,2239,2240,2278,2311,2335,2339,2461,2462,2479,2510,2519,2527,2574,2677,2752,2755,2760,2764,2769,2770,2911,2912,2971,2975,2985,3075,3091,3123,3133,3145,3187,3196,3313,3379,3386,3389,3391,3393,3474,3507,3541,3607,3609,3625,3689,3722,3745,3790,3857,3891,3934,3943,3958,4068,4069,4105,4189
780,0.92182,3.576780080795288,1.1763700246810913,0.843559980392456,0.94672,0.671209990978241,4.332520008087158,1.4955400228500366,1,4,21,91,190,253,255,295,337,351,358,392,488,514,556,578,593,621,624,661,689,731,774,811,816,851,858,925,965,971,994,1006,1012,1041,1196,1224,1228,1232,1265,1317,1334,1358,1448,1471,1476,1496,1520,1581,1620,1662,1692,1716,1719,1825,1846,1877,1888,1930,1966,1991,1994,1997,2073,2129,2206,2207,2234,2240,2279,2310,2333,2335,2455,2464,2477,2513,2517,2521,2534,2576,2673,2750,2755,2765,2767,2771,2910,2911,2971,2975,2984,3075,3093,3125,3133,3146,3187,3197,3313,3380,3388,3390,3397,3472,3473,3506,3541,3608,3609,3623,3688,3722,3744,3745,3789,3856,3890,3935,3942,3960,4070,4071,4105,4107,4189
790,0.92362,3.6185901165008545,1.190119981765747,0.8338099718093872,0.94936,0.6543599963188171,4.444109916687012,1.534060001373291,1,5,18,21,87,190,253,255,291,337,350,357,390,490,516,556,577,596,619,625,659,688,734,773,809,817,851,857,928,965,971,995,1005,1012,1042,1195,1223,1230,1266,1318,1334,1358,1447,1471,1475,1496,1519,1582,1618,1661,1687,1715,1720,1825,1847,1878,1886,1930,1965,1990,1994,1998,2074,2128,2207,2237,2240,2276,2307,2331,2335,2461,2463,2475,2515,2517,2520,2533,2576,2679,2744,2750,2763,2765,2767,2768,2911,2914,2971,2975,2984,3075,3092,3125,3133,3145,3188,3195,3311,3379,3380,3391,3393,3395,3474,3510,3541,3607,3608,3623,3687,3722,3744,3746,3790,3855,3890,3933,3943,3959,4071,4074,4106,4187
800,0.92388,3.6247398853302,1.192139983177185,0.8324000239372253,0.94737,0.6671500205993652,4.35890007019043,1.5046499967575073,2,4,21,20,87,190,253,254,294,335,350,359,388,491,516,556,577,593,621,625,659,688,732,773,808,815,854,858,927,964,973,993,1007,1013,1042,1196,1224,1226,1231,1264,1320,1331,1359,1447,1471,1478,1498,1519,1583,1620,1659,1686,1717,1825,1846,1878,1887,1930,1964,1991,1995,1997,2073,2128,2206,2209,2236,2240,2273,2309,2338,2337,2456,2464,2474,2510,2520,2522,2529,2577,2678,2745,2750,2757,2765,2770,2777,2910,2911,2970,2974,2985,3076,3092,3124,3133,3145,3188,3195,3312,3379,3383,3390,3392,3393,3473,3509,3542,3608,3611,3625,3688,3720,3745,3789,3857,3891,3934,3942,3960,4074,4073,4106,4107,4187
810,0.92292,3.602139949798584,1.1847100257873535,0.8376200199127197,0.94951,0.6534299850463867,4.450469970703125,1.5362600088119507,-1,3,19,21,86,191,250,255,294,338,350,355,392,489,517,555,577,594,619,625,658,688,735,772,809,817,852,858,927,965,971,993,1007,1011,1041,1199,1223,1228,1232,1265,1317,1329,1359,1449,1471,1478,1495,1521,1581,1620,1659,1690,1707,1725,1825,1847,1878,1887,1929,1967,1990,1993,1997,2072,2129,2206,2207,2235,2239,2276,2312,2332,2339,2456,2464,2476,2511,2518,2524,2529,2576,2679,2751,2754,2757,2760,2772,2774,2911,2971,2975,2984,3075,3093,3124,3133,3146,3189,3196,3314,3379,3384,3390,3393,3473,3474,3507,3543,3607,3608,3623,3688,3723,3744,3746,3789,3857,3891,3934,3943,3957,4073,4074,4106,4107,4186
820,0.92347,3.6150400638580322,1.1889499425888062,0.834630012512207,0.94934,0.6545199751853943,4.443019866943359,1.5336899757385254,0,4,19,20,86,190,252,257,293,338,351,358,391,489,516,555,576,595,621,625,661,688,732,772,807,815,851,858,927,965,972,993,1006,1013,1042,1198,1224,1227,1232,1264,1318,1332,1359,1449,1470,1476,1495,1520,1582,1620,1661,1689,1712,1721,1826,1847,1878,1886,1930,1964,1991,1993,1997,2073,2128,2204,2209,2238,2241,2275,2311,2334,2339,2462,2479,2516,2515,2519,2534,2577,2677,2752,2757,2762,2766,2773,2912,2971,2975,2983,3075,3091,3125,3132,3145,3187,3196,3314,3378,3383,3389,3391,3392,3473,3474,3508,3543,3607,3609,3623,3688,3723,3745,3746,3789,3855,3890,3934,3942,3958,4073,4075,4105,4109,4185
830,0.92272,3.5975799560546875,1.183210015296936,0.8386800289154053,0.94791,0.6637099981307983,4.381499767303467,1.5124499797821045,1,4,19,20,86,191,254,256,294,337,351,357,391,492,516,555,574,595,619,625,658,688,732,775,809,816,852,858,927,965,972,995,1007,1012,1042,1197,1225,1227,1230,1264,1318,1331,1360,1450,1469,1476,1497,1521,1581,1618,1661,1691,1718,1719,1825,1847,1878,1888,1930,1964,1990,1993,1997,2073,2131,2205,2206,2237,2241,2277,2311,2339,2459,2464,2479,2510,2517,2525,2534,2576,2679,2752,2755,2761,2762,2767,2770,2912,2971,2975,2984,3075,3092,3125,3133,3146,3188,3196,3313,3379,3383,3388,3391,3392,3473,3474,3508,3543,3607,3609,3624,3689,3723,3745,3746,3790,3856,3890,3933,3942,3959,4074,4106,4109,4184
840,0.92096,3.5573201179504395,1.1699700355529785,0.8481699824333191,0.94824,0.6615700125694275,4.395689964294434,1.5173499584197998,0,3,19,20,87,192,255,258,294,337,350,357,392,490,516,555,576,595,621,625,661,689,731,773,809,816,851,860,926,966,972,994,1004,1010,1042,1197,1223,1226,1234,1264,1318,1331,1359,1448,1470,1475,1494,1521,1580,1621,1662,1691,1717,1722,1826,1848,1878,1888,1930,1964,1990,1994,1997,2073,2129,2206,2236,2239,2277,2311,2335,2344,2462,2478,2511,2515,2527,2531,2576,2677,2754,2753,2760,2766,2768,2770,2911,2971,2975,2984,3075,3093,3126,3133,3146,3187,3196,3314,3380,3384,3389,3390,3391,3473,3474,3506,3541,3607,3609,3623,3688,3723,3745,3746,3790,3857,3889,3935,3942,3958,4072,4077,4106,4107,4183
850,0.9177,3.486109972000122,1.1465500593185425,0.8654999732971191,0.94458,0.6845999956130981,4.247829914093018,1.4663100242614746,1,4,20,87,194,247,261,295,336,351,358,389,489,517,555,577,595,619,625,660,686,733,775,809,816,855,856,926,968,971,993,1004,1012,1043,1198,1223,1227,1231,1263,1318,1331,1359,1447,1470,1477,1496,1519,1580,1617,1664,1689,1716,1720,1826,1848,1877,1887,1930,1966,1991,1992,1997,2073,2127,2205,2209,2236,2239,2275,2311,2337,2342,2457,2464,2478,2516,2524,2527,2577,2679,2747,2757,2762,2763,2769,2773,2909,2911,2970,2975,2984,3075,3091,3125,3133,3146,3188,3196,3313,3380,3382,3388,3391,3473,3506,3542,3608,3610,3624,3689,3723,3745,3746,3789,3856,3891,3935,3942,3958,4074,4076,4106,4108,4183
860,0.92351,3.6159799098968506,1.1892600059509277,0.8344200253486633,0.94838,0.6606900095939636,4.4015398025512695,1.5193699598312378,0,3,18,21,88,193,250,256,294,337,351,356,391,490,517,555,576,594,620,624,657,686,730,773,808,816,852,860,928,964,973,991,1005,1013,1042,1195,1225,1227,1229,1262,1318,1332,1360,1447,1470,1476,1497,1520,1580,1618,1662,1689,1719,1721,1826,1848,1878,1886,1930,1964,1990,1995,1997,2073,2126,2205,2206,2238,2276,2312,2336,2338,2461,2464,2479,2510,2517,2521,2534,2578,2678,2751,2758,2759,2768,2767,2772,2911,2971,2975,2984,3075,3093,3126,3133,3146,3187,3197,3315,3379,3383,3390,3391,3392,3473,3474,3508,3541,3606,3608,3623,3688,3723,3745,3789,3856,3891,3934,3942,3958,4075,4076,4106,4109,4183
870,0.92465,3.6433401107788086,1.198259949684143,0.8281499743461609,0.95256,0.6334099769592285,4.591119766235352,1.5848100185394287,0,3,21,86,192,253,255,294,334,351,359,391,490,515,554,577,595,618,625,660,688,731,773,808,816,851,860,927,967,972,994,1004,1011,1041,1194,1221,1227,1229,1262,1318,1331,1359,1448,1470,1476,1496,1520,1582,1620,1664,1689,1717,1720,1825,1847,1878,1887,1929,1966,1990,1993,1997,2073,2127,2205,2207,2236,2241,2276,2310,2333,2339,2461,2464,2477,2512,2515,2523,2534,2579,2680,2754,2758,2762,2765,2768,2771,2911,2971,2975,2984,3074,3094,3125,3134,3145,3186,3195,3311,3378,3383,3387,3389,3396,3473,3509,3542,3608,3610,3623,3687,3723,3745,3746,3789,3856,3891,3934,3942,3958,4074,4077,4106,4109,4182
880,0.92274,3.598020076751709,1.1833499670028687,0.8385800123214722,0.95104,0.6434199810028076,4.519670009613037,1.5601500272750854,0,3,19,20,86,190,253,254,293,337,350,359,391,489,516,555,576,596,618,626,660,687,731,773,808,815,853,859,928,965,973,994,1004,1010,1042,1194,1220,1226,1230,1262,1318,1332,1359,1450,1469,1476,1497,1520,1582,1619,1662,1688,1718,1719,1825,1847,1877,1887,1929,1963,1991,1994,1997,2073,2129,2206,2207,2237,2241,2274,2310,2334,2339,2459,2465,2479,2517,2518,2522,2533,2578,2679,2753,2758,2765,2767,2768,2770,2911,2971,2975,2984,3075,3092,3125,3134,3147,3188,3195,3311,3379,3384,3387,3390,3392,3473,3474,3508,3543,3608,3609,3623,3687,3724,3746,3745,3789,3855,3890,3934,3943,3957,4075,4076,4106,4109,4182
890,0.92102,3.558579921722412,1.1703799962997437,0.8478699922561646,0.95195,0.6374599933624268,4.5619401931762695,1.5747400522232056,1,2,20,86,190,251,257,293,337,350,358,390,489,515,555,577,595,617,624,658,687,732,773,809,816,852,860,927,966,972,993,1003,1011,1042,1195,1220,1227,1229,1261,1318,1331,1360,1448,1470,1475,1496,1520,1580,1617,1662,1689,1719,1720,1826,1847,1878,1887,1928,1965,1990,1995,1997,2073,2130,2206,2208,2236,2240,2273,2311,2338,2340,2462,2461,2478,2513,2522,2525,2531,2579,2679,2754,2762,2765,2766,2770,2773,2911,2971,2975,2984,3075,3093,3125,3134,3145,3187,3195,3313,3378,3384,3388,3389,3393,3473,3474,3510,3542,3606,3609,3623,3686,3724,3745,3746,3789,3856,3890,3934,3942,3957,4075,4076,4106,4109,4182
900,0.91976,3.5306599140167236,1.1612000465393066,0.8545799851417542,0.94826,0.6614400148391724,4.3965301513671875,1.5176399946212769,0,3,20,85,191,253,255,293,335,350,356,390,489,516,554,576,595,619,624,659,688,730,774,808,816,853,860,928,966,972,993,1005,1010,1043,1194,1220,1227,1228,1260,1318,1330,1360,1449,1469,1476,1496,1520,1581,1618,1663,1690,1719,1721,1826,1847,1877,1887,1928,1964,1990,1994,1997,2073,2130,2206,2207,2236,2240,2274,2313,2337,2339,2459,2464,2478,2512,2517,2528,2531,2579,2680,2756,2762,2763,2769,2770,2771,2911,2971,2976,2984,3075,3093,3125,3133,3145,3187,3195,3311,3377,3385,3388,3392,3473,3509,3542,3607,3609,3624,3688,3724,3746,3789,3856,3890,3934,3942,3958,4075,4077,4106,4108,4182
910,0.91893,3.5124499797821045,1.155210018157959,0.8590099811553955,0.94493,0.6823999881744385,4.26147985458374,1.471019983291626,0,3,18,21,85,191,250,256,294,336,350,357,392,489,516,554,576,595,618,624,660,687,729,773,807,816,852,860,928,966,973,993,1004,1010,1043,1194,1221,1227,1229,1259,1318,1332,1360,1449,1471,1476,1496,1520,1580,1618,1663,1691,1720,1721,1825,1847,1877,1886,1930,1966,1990,1995,1997,2073,2130,2206,2207,2237,2241,2272,2316,2337,2338,2462,2463,2477,2513,2518,2528,2530,2579,2678,2755,2757,2763,2766,2771,2772,2910,2911,2971,2976,2984,3075,3093,3126,3133,3146,3188,3196,3311,3378,3387,3389,3392,3393,3473,3508,3542,3607,3610,3623,3687,3724,3746,3745,3789,3856,3890,3934,3942,3957,4074,4077,4106,4108,4182
920,0.92215,3.5842599868774414,1.1788300275802612,0.8417999744415283,0.94905,0.6563900113105774,4.430339813232422,1.5293099880218506,2,3,18,19,87,193,250,257,295,335,352,358,388,490,516,555,577,593,620,624,659,690,728,773,807,814,853,859,928,966,974,994,1002,1010,1043,1195,1220,1225,1232,1261,1317,1331,1360,1448,1469,1474,1496,1520,1580,1616,1664,1690,1713,1724,1824,1846,1877,1887,1930,1964,1990,1993,1997,2072,2131,2206,2208,2234,2237,2276,2312,2333,2341,2460,2464,2477,2510,2523,2526,2530,2578,2678,2755,2758,2768,2770,2909,2912,2971,2975,2984,3074,3094,3126,3133,3146,3188,3195,3310,3380,3387,3389,3391,3393,3473,3508,3543,3607,3610,3623,3686,3722,3746,3789,3856,3891,3934,3942,3958,4077,4107,4109,4181
930,0.92123,3.5632500648498535,1.1719199419021606,0.8467599749565125,0.95089,0.6444000005722046,4.512800216674805,1.5577800273895264,0,3,18,20,85,193,252,256,293,336,352,357,390,489,516,554,577,594,618,625,659,688,730,772,807,815,855,858,927,967,972,995,1004,1011,1043,1194,1223,1224,1231,1260,1316,1331,1359,1449,1471,1476,1496,1519,1580,1620,1662,1688,1713,1723,1826,1847,1878,1887,1928,1963,1989,1995,1998,2073,2128,2205,2209,2233,2240,2276,2310,2338,2341,2459,2463,2478,2515,2521,2523,2531,2580,2677,2750,2758,2762,2765,2768,2769,2910,2911,2970,2974,2985,3075,3094,3126,3134,3146,3186,3196,3312,3379,3387,3391,3393,3473,3508,3542,3608,3623,3686,3724,3745,3790,3856,3891,3934,3942,3958,4075,4080,4106,4109,4176
940,0.91486,3.42753005027771,1.1272799968719482,0.8802899718284607,0.94087,0.7070900201797485,4.11269998550415,1.419659972190857,1,3,18,19,87,193,250,256,296,337,350,356,391,487,513,551,576,594,620,626,659,686,729,775,808,817,854,862,926,967,974,995,1006,1010,1042,1194,1219,1226,1229,1261,1317,1331,1360,1447,1470,1475,1495,1519,1581,1613,1663,1691,1720,1721,1826,1846,1876,1888,1930,1963,1989,1996,1997,2073,2129,2207,2206,2237,2238,2277,2312,2338,2342,2460,2462,2478,2517,2521,2522,2527,2580,2679,2751,2760,2765,2766,2768,2770,2910,2970,2976,2985,3077,3094,3125,3135,3145,3188,3195,3313,3379,3386,3392,3393,3472,3473,3508,3542,3607,3612,3623,3686,3722,3746,3789,3856,3891,3935,3942,3960,4077,4079,4105,4110,4169
950,0.91831,3.4990999698638916,1.150820016860962,0.8622900247573853,0.94623,0.6742900013923645,4.312739849090576,1.4887200593948364,-2,7,18,20,96,196,247,257,297,339,350,357,388,493,514,552,576,593,620,625,663,687,729,774,811,817,853,860,925,964,976,997,1003,1008,1045,1195,1218,1228,1260,1318,1334,1359,1449,1468,1475,1497,1519,1580,1617,1667,1694,1712,1727,1826,1846,1876,1885,1926,1965,1990,1996,1998,2072,2131,2205,2212,2233,2239,2278,2310,2336,2342,2456,2460,2480,2513,2515,2522,2533,2581,2673,2759,2760,2764,2768,2769,2771,2911,2910,2970,2973,2984,3074,3095,3125,3134,3146,3186,3196,3314,3380,3389,3392,3391,3472,3473,3505,3544,3608,3624,3685,3723,3746,3791,3859,3891,3935,3942,3958,4078,4080,4107,4108,4179
960,0.92175,3.575279951095581,1.1758699417114258,0.8439099788665771,0.95089,0.6444399952888489,4.512519836425781,1.5576800107955933,1,10,20,21,97,196,251,256,295,336,351,357,393,490,515,554,578,596,620,626,660,686,731,772,809,816,855,859,926,966,974,996,1000,1007,1044,1196,1218,1227,1229,1259,1316,1329,1360,1448,1471,1477,1494,1518,1578,1620,1665,1689,1722,1721,1826,1847,1878,1887,1928,1962,1990,1994,1997,2073,2128,2207,2208,2236,2240,2276,2312,2337,2339,2457,2459,2480,2510,2519,2521,2534,2580,2679,2752,2763,2764,2768,2769,2771,2911,2912,2970,2975,2984,3075,3094,3125,3135,3145,3190,3196,3311,3378,3389,3391,3393,3471,3472,3510,3543,3609,3610,3623,3686,3723,3745,3789,3857,3891,3933,3941,3959,4077,4081,4108,4109,4182
970,0.92323,3.6094000339508057,1.1871000528335571,0.8359400033950806,0.95036,0.6479200124740601,4.488249778747559,1.549299955368042,2,10,20,22,92,192,252,257,295,337,350,360,392,490,514,554,576,595,620,625,660,688,730,773,805,815,854,862,927,969,973,993,1003,1008,1042,1195,1218,1226,1229,1258,1315,1330,1360,1450,1468,1474,1496,1521,1578,1616,1661,1692,1715,1724,1824,1846,1877,1886,1931,1964,1990,1994,1996,2074,2130,2204,2210,2237,2240,2275,2311,2335,2338,2457,2462,2478,2512,2515,2526,2533,2581,2680,2755,2761,2765,2766,2770,2772,2911,2913,2970,2975,2984,3075,3095,3125,3133,3146,3189,3196,3313,3376,3385,3390,3391,3393,3472,3511,3542,3607,3610,3624,3687,3724,3746,3790,3856,3891,3933,3941,3958,4078,4080,4107,4112,4183
980,0.92467,3.643929958343506,1.198449969291687,0.8280199766159058,0.95367,0.6259199976921082,4.646059989929199,1.6037800312042236,1,7,21,22,89,189,249,259,294,339,350,358,392,489,516,553,576,595,619,625,659,687,729,773,807,816,854,861,927,967,972,993,1004,1009,1042,1196,1219,1225,1227,1257,1314,1329,1360,1448,1469,1473,1495,1519,1579,1617,1659,1695,1721,1723,1825,1846,1877,1887,1926,1965,1990,1994,1997,2073,2130,2206,2208,2234,2239,2274,2312,2333,2336,2462,2464,2477,2510,2520,2527,2529,2580,2678,2756,2758,2762,2767,2770,2771,2910,2911,2971,2975,2984,3075,3094,3126,3135,3147,3187,3196,3312,3376,3386,3392,3391,3473,3510,3542,3607,3609,3622,3686,3724,3746,3790,3856,3890,3934,3942,3958,4080,4106,4111,4182
990,0.9216,3.571739912033081,1.1747100353240967,0.8447499871253967,0.951,0.6437100172042847,4.517650127410889,1.5594500303268433,1,5,18,22,89,186,252,256,295,338,352,359,393,488,516,553,577,594,617,625,658,686,729,773,806,815,853,861,928,967,972,995,1003,1009,1043,1196,1219,1225,1227,1257,1316,1330,1358,1449,1468,1474,1495,1519,1578,1616,1662,1692,1719,1722,1826,1846,1876,1886,1927,1964,1991,1993,1997,2074,2130,2206,2208,2236,2239,2273,2313,2332,2334,2461,2466,2474,2511,2524,2527,2581,2677,2751,2763,2762,2767,2768,2771,2910,2970,2975,2985,3075,3094,3125,3135,3146,3187,3196,3311,3375,3387,3389,3393,3473,3509,3543,3609,3610,3624,3686,3725,3745,3746,3789,3856,3891,3934,3942,3957,4079,4081,4106,4110,4182
