algorithm,dataset,target_size,scaler_y,mode,train_size,r2,rmse,rpd,rpiq,r2_o,rmse_o,rpd_o,rpiq_o,train_r2,train_rmse,train_rpd,train_rpiq,train_r2_o,train_rmse_o,train_rpd_o,train_rpiq_o,execution_time,params,fold,selected_bands
bsdrcnn,lucas,8,robust,dyn,0.05,0.8139238953590393,1.2611925601959229,2.3182764053344727,0.7868244647979736,0.8139238357543945,32.91712951660156,2.3182759284973145,0.7868244051933289,0.921664297580719,0.8816183805465698,3.574536085128784,1.2863837480545044,0.921664297580719,23.01024055480957,3.574535846710205,1.2863837480545044,7.469944715499878,297,0,624|989|1394|1798|2020|2780|3453|3674
bsdrcnn,lucas,8,robust,dyn,0.05,0.8206842541694641,1.2399704456329346,2.361572504043579,0.8126506209373474,0.8206842541694641,32.36322784423828,2.361572742462158,0.8126506805419922,0.8749229907989502,1.0867624282836914,2.8288557529449463,0.8602301478385925,0.8749229907989502,28.364498138427734,2.8288557529449463,0.8602302074432373,4.488048315048218,297,1,558|934|1391|1821|2016|2833|3420|3676
bsdrcnn,lucas,8,robust,dyn,0.05,0.8288438320159912,1.215211033821106,2.4172091484069824,0.8229023218154907,0.8288438320159912,31.71700668334961,2.4172091484069824,0.8229024410247803,0.8639283776283264,1.0705978870391846,2.712162733078003,0.9340575337409973,0.8639283776283264,27.94260597229004,2.712162494659424,0.9340575337409973,4.476513385772705,297,2,576|853|1151|1646|2022|2863|3460|3629
bsdrcnn,lucas,8,robust,dyn,0.05,0.818450391292572,1.2505687475204468,2.346998453140259,0.8057636022567749,0.818450391292572,32.63984680175781,2.346998453140259,0.8057635426521301,0.8730581402778625,1.049754023551941,2.807999610900879,0.8577086329460144,0.8730581402778625,27.39858055114746,2.807999610900879,0.8577086925506592,4.524052381515503,297,3,519|727|1302|1743|2018|2768|3437|3579
bsdrcnn,lucas,8,robust,dyn,0.05,0.8252696990966797,1.2297033071517944,2.3923592567443848,0.8100885152816772,0.8252696990966797,32.09525680541992,2.3923592567443848,0.810088574886322,0.8804866075515747,0.9731356501579285,2.893950939178467,1.0906009674072266,0.8804866075515747,25.398841857910156,2.893951177597046,1.0906009674072266,4.414161682128906,297,4,640|837|1364|1670|2023|2760|3459|3653
bsdrcnn,lucas,8,robust,dyn,0.05,0.828853189945221,1.219264268875122,2.4172751903533936,0.8233091235160828,0.828853189945221,31.822797775268555,2.4172751903533936,0.8233091831207275,0.8166587352752686,1.157891869544983,2.336519241333008,0.8106951713562012,0.8166587352752686,30.220977783203125,2.336519479751587,0.810695230960846,4.555040121078491,297,5,635|848|1402|1793|2020|2785|3463|3693
bsdrcnn,lucas,8,robust,dyn,0.05,0.8266228437423706,1.2141183614730835,2.401676654815674,0.8267986178398132,0.8266228437423706,31.688488006591797,2.401676893234253,0.826798677444458,0.893238365650177,1.0737022161483765,3.061906099319458,0.9063779711723328,0.893238365650177,28.02362823486328,3.061906099319458,0.9063780307769775,4.460450649261475,297,6,626|964|1279|1814|2021|2823|3433|3667
bsdrcnn,lucas,8,robust,dyn,0.05,0.8074118494987488,1.2889933586120605,2.27874493598938,0.7787715792655945,0.8074118494987488,33.64272689819336,2.27874493598938,0.7787716388702393,0.8865315318107605,0.9785358905792236,2.9700374603271484,0.9044710993766785,0.8865315318107605,25.53978729248047,2.9700372219085693,0.9044711589813232,4.408531665802002,297,7,586|812|1277|1761|2024|2762|3429|3669
bsdrcnn,lucas,8,robust,dyn,0.05,0.8252453207969666,1.228566288948059,2.3921923637390137,0.8108382821083069,0.8252453207969666,32.06557846069336,2.3921923637390137,0.8108383417129517,0.8603678941726685,1.073384404182434,2.6773605346679688,0.9816053509712219,0.8603678941726685,28.01533317565918,2.6773605346679688,0.9816054105758667,7.156649351119995,297,8,578|834|1208|1782|2020|2716|3439|3635
bsdrcnn,lucas,8,robust,dyn,0.05,0.7939341068267822,1.3247469663619995,2.2029640674591064,0.7548611164093018,0.7939340472221375,34.575897216796875,2.2029640674591064,0.7548611760139465,0.8939508199691772,1.0571638345718384,3.072174310684204,0.9314302206039429,0.8939508199691772,27.59197425842285,3.0721747875213623,0.9314302802085876,4.45722770690918,297,9,617|916|1312|1791|2023|2848|3431|3656
bsdrcnn,lucas,8,robust,dyn,0.15,0.8348061442375183,1.1991411447525024,2.460451364517212,0.837125301361084,0.8348061442375183,31.297582626342773,2.460451364517212,0.8371253609657288,0.8575725555419922,1.0757766962051392,2.6501452922821045,0.9259994626045227,0.8575725555419922,28.077774047851562,2.6501452922821045,0.9259993433952332,5.975298643112183,297,0,562|842|1344|1802|2023|2820|3445|3650
bsdrcnn,lucas,8,robust,dyn,0.15,0.8447177410125732,1.1603918075561523,2.5377614498138428,0.8584760427474976,0.8447177410125732,30.286226272583008,2.5377614498138428,0.8584760427474976,0.8697980642318726,1.0404547452926636,2.77177357673645,0.9776892066001892,0.8697980642318726,27.155868530273438,2.77177357673645,0.9776892066001892,5.92521071434021,297,1,639|866|1497|1826|2019|2811|3454|3701
bsdrcnn,lucas,8,robust,dyn,0.15,0.8418430089950562,1.172055721282959,2.514591932296753,0.8564707040786743,0.8418430089950562,30.590654373168945,2.514592170715332,0.8564707636833191,0.8436566591262817,1.1344385147094727,2.529453992843628,0.867983877658844,0.843656599521637,29.60884666442871,2.5294535160064697,0.867983877658844,5.919689655303955,297,2,668|857|1499|1832|2020|2780|3430|3686
bsdrcnn,lucas,8,robust,dyn,0.15,0.8274681568145752,1.2234002351760864,2.407559633255005,0.8299211263656616,0.8274680972099304,31.93074607849121,2.407559633255005,0.8299211263656616,0.8622843623161316,1.0684750080108643,2.6950998306274414,0.8677816987037659,0.8622843623161316,27.887197494506836,2.6950998306274414,0.8677816987037659,5.919144630432129,297,3,652|941|1364|1794|2024|2783|3461|3641
bsdrcnn,lucas,8,robust,dyn,0.15,0.8381924629211426,1.185553789138794,2.4860641956329346,0.8499511480331421,0.8381924629211426,30.94295310974121,2.4860641956329346,0.8499511480331421,0.8563337922096252,1.0872282981872559,2.638695001602173,0.8915778398513794,0.8563337922096252,28.376659393310547,2.6386947631835938,0.8915777802467346,5.919106960296631,297,4,647|859|1396|1813|2021|2819|3448|3680
bsdrcnn,lucas,8,robust,dyn,0.15,0.8350269794464111,1.1923165321350098,2.4620978832244873,0.8451302647590637,0.8350270390510559,31.11945915222168,2.4620978832244873,0.8451303243637085,0.861967146396637,1.0907723903656006,2.6920008659362793,0.8921934962272644,0.861967146396637,28.469158172607422,2.6920008659362793,0.892193615436554,5.9142420291900635,297,5,662|862|1397|1786|2024|2781|3453|3653
bsdrcnn,lucas,8,robust,dyn,0.15,0.8415576219558716,1.182146668434143,2.51232647895813,0.8459187150001526,0.8415576219558716,30.854028701782227,2.512326240539551,0.8459187746047974,0.8479195833206177,1.065523386001587,2.5646603107452393,0.9421017169952393,0.8479196429252625,27.81015968322754,2.5646603107452393,0.942101776599884,5.9412596225738525,297,6,634|849|1471|1823|2024|2783|3449|3712
bsdrcnn,lucas,8,robust,dyn,0.15,0.8270788192749023,1.2245341539382935,2.4048478603363037,0.8135082125663757,0.8270787596702576,31.96034049987793,2.4048476219177246,0.8135082125663757,0.8612669706344604,1.07395339012146,2.685199499130249,0.952544629573822,0.8612669706344604,28.030183792114258,2.68519926071167,0.952544629573822,5.953625679016113,297,7,585|882|1384|1796|2026|2810|3436|3649
bsdrcnn,lucas,8,robust,dyn,0.15,0.8404797315597534,1.1817970275878906,2.50382399559021,0.8494110107421875,0.8404797315597534,30.84490203857422,2.50382399559021,0.8494110703468323,0.8292737007141113,1.156701922416687,2.420562267303467,0.8512775301933289,0.8292737007141113,30.18992042541504,2.420562267303467,0.8512774109840393,5.956430196762085,297,8,624|845|1215|1741|2024|2820|3459|3643
bsdrcnn,lucas,8,robust,dyn,0.15,0.8271368741989136,1.207025170326233,2.405251979827881,0.8348315954208374,0.8271368741989136,31.50335693359375,2.405251979827881,0.8348316550254822,0.8518253564834595,1.1981767416000366,2.5982415676116943,0.8122174739837646,0.8518253564834595,31.272411346435547,2.5982413291931152,0.8122174143791199,5.953653573989868,297,9,642|827|1397|1787|2021|2838|3446|3643
bsdrcnn,lucas,8,robust,dyn,0.25,0.8355900049209595,1.210410237312317,2.466318368911743,0.8356622457504272,0.8355899453163147,31.591707229614258,2.466318368911743,0.8356623649597168,0.8605130314826965,1.038565993309021,2.6777684688568115,0.9407312273979187,0.8605130314826965,27.106571197509766,2.6777684688568115,0.9407312870025635,9.774361610412598,297,0,633|819|1500|1826|2023|2783|3447|3707
bsdrcnn,lucas,8,robust,dyn,0.25,0.8351612091064453,1.1977893114089966,2.463108539581299,0.8444675207138062,0.8351612091064453,31.262300491333008,2.4631083011627197,0.8444676399230957,0.8546309471130371,1.1022958755493164,2.6230342388153076,0.8828664422035217,0.8546310067176819,28.769922256469727,2.6230342388153076,0.8828665614128113,9.674875497817993,297,1,640|885|1396|1804|2024|2810|3449|3658
bsdrcnn,lucas,8,robust,dyn,0.25,0.8468137979507446,1.1591179370880127,2.5550742149353027,0.8660303950309753,0.8468138575553894,30.25297737121582,2.555074453353882,0.8660305142402649,0.8473526239395142,1.1156408786773682,2.5597362518310547,0.8963457942008972,0.8473526239395142,29.118227005004883,2.5597362518310547,0.8963457345962524,9.672941446304321,297,2,625|790|1395|1803|2020|2816|3448|3685
bsdrcnn,lucas,8,robust,dyn,0.25,0.8313965797424316,1.2225357294082642,2.435454845428467,0.8273739218711853,0.8313965797424316,31.90818214416504,2.435454845428467,0.8273740410804749,0.8351460695266724,1.1390732526779175,2.463146448135376,0.8610885143280029,0.8351460695266724,29.72981071472168,2.463146924972534,0.8610886335372925,9.673171281814575,297,3,629|833|1398|1789|2022|2783|3449|3637
bsdrcnn,lucas,8,robust,dyn,0.25,0.8364927768707275,1.1824593544006348,2.4731175899505615,0.8456950187683105,0.8364927172660828,30.862186431884766,2.4731178283691406,0.8456951975822449,0.8429864048957825,1.1765925884246826,2.523894786834717,0.8499118685722351,0.8429864048957825,30.70906639099121,2.523894786834717,0.8499119281768799,9.759907960891724,297,4,639|805|1393|1774|2021|2800|3455|3650
bsdrcnn,lucas,8,robust,dyn,0.25,0.8434329628944397,1.14787757396698,2.527336835861206,0.8678351640701294,0.8434329628944397,29.959604263305664,2.527336597442627,0.8678352236747742,0.8571617603302002,1.147709608078003,2.646169662475586,0.8813154101371765,0.8571617603302002,29.95522117614746,2.646169424057007,0.8813155293464661,9.741270542144775,297,5,633|801|1517|1842|2025|2817|3445|3711
bsdrcnn,lucas,8,robust,dyn,0.25,0.841516375541687,1.185579776763916,2.5120081901550293,0.8563959002494812,0.841516375541687,30.943634033203125,2.5120081901550293,0.8563958406448364,0.852042555809021,1.0784502029418945,2.599989175796509,0.8988348841667175,0.852042555809021,28.147552490234375,2.5999889373779297,0.898834764957428,9.721737146377563,297,6,640|862|1497|1831|2022|2812|3456|3679
bsdrcnn,lucas,8,robust,dyn,0.25,0.8406507968902588,1.180190920829773,2.505176305770874,0.8408276438713074,0.8406507968902588,30.802982330322266,2.505176305770874,0.8408277034759521,0.8460530042648315,1.12684965133667,2.5489084720611572,0.9078305959701538,0.8460530042648315,29.410778045654297,2.548908233642578,0.9078304767608643,9.762161254882812,297,7,555|852|1246|1792|2020|2825|3456|3631
bsdrcnn,lucas,8,robust,dyn,0.25,0.8371740579605103,1.17866051197052,2.4782862663269043,0.8451700210571289,0.8371740579605103,30.76304054260254,2.4782862663269043,0.8451700210571289,0.8562787175178528,1.1293978691101074,2.6380279064178467,0.8989973068237305,0.8562787175178528,29.477285385131836,2.6380276679992676,0.8989973068237305,9.768091440200806,297,8,655|835|1397|1786|2022|2791|3456|3664
bsdrcnn,lucas,8,robust,dyn,0.25,0.8316637277603149,1.2019129991531372,2.4373865127563477,0.8351947069168091,0.8316637277603149,31.36992645263672,2.4373867511749268,0.8351948261260986,0.8404865860939026,1.179826259613037,2.504040241241455,0.8410875201225281,0.8404865860939026,30.79346466064453,2.504040241241455,0.8410875797271729,9.695894002914429,297,9,593|715|1398|1779|2024|2820|3453|3644
bsdrcnn,lucas,8,robust,dyn,0.35,0.8414685726165771,1.1752581596374512,2.511641502380371,0.8508768677711487,0.8414685726165771,30.674236297607422,2.511641502380371,0.8508768677711487,0.8422150611877441,1.154106855392456,2.5176522731781006,0.8664708733558655,0.8422150611877441,30.122190475463867,2.5176517963409424,0.8664708137512207,13.400119066238403,297,0,567|835|1379|1797|2021|2804|3447|3677
bsdrcnn,lucas,8,robust,dyn,0.35,0.8372840285301208,1.1674699783325195,2.479135513305664,0.8467076420783997,0.8372840285301208,30.470964431762695,2.479135513305664,0.8467076420783997,0.8589375019073486,1.1308050155639648,2.662702798843384,0.9012668132781982,0.8589375019073486,29.514009475708008,2.662703037261963,0.901266872882843,13.311410903930664,297,1,524|807|1161|1652|2023|2815|3456|3622
bsdrcnn,lucas,8,robust,dyn,0.35,0.8413321375846863,1.1648790836334229,2.510561466217041,0.8551691174507141,0.8413321375846863,30.403343200683594,2.510561466217041,0.8551691770553589,0.8364410400390625,1.1956087350845337,2.4728128910064697,0.8412008285522461,0.8364409804344177,31.20538902282715,2.4728128910064697,0.8412010073661804,13.307964563369751,297,2,652|883|1398|1789|2025|2783|3455|3645
bsdrcnn,lucas,8,robust,dyn,0.35,0.8420853018760681,1.1647549867630005,2.5165412425994873,0.8618391156196594,0.8420853018760681,30.400104522705078,2.516541004180908,0.8618391752243042,0.8466427326202393,1.1529090404510498,2.5537381172180176,0.8657094240188599,0.846642792224884,30.090925216674805,2.5537378787994385,0.8657096028327942,13.307732820510864,297,3,600|831|1313|1779|2021|2792|3452|3677
bsdrcnn,lucas,8,robust,dyn,0.35,0.8302122950553894,1.2043274641036987,2.426957845687866,0.8351109623908997,0.8302122354507446,31.432947158813477,2.426957607269287,0.8351110219955444,0.8518825173377991,1.1389175653457642,2.598515510559082,0.8679344058036804,0.8518825173377991,29.72574806213379,2.598515272140503,0.8679344058036804,13.299396276473999,297,4,641|815|1397|1765|2023|2783|3447|3634
bsdrcnn,lucas,8,robust,dyn,0.35,0.8390722274780273,1.159691333770752,2.4928712844848633,0.8689060211181641,0.8390722274780273,30.267942428588867,2.4928712844848633,0.8689060807228088,0.8574106693267822,1.139171838760376,2.6484086513519287,0.8677406311035156,0.8574106693267822,29.73238754272461,2.6484084129333496,0.8677405714988708,13.316164493560791,297,5,649|854|1498|1832|2021|2793|3437|3703
bsdrcnn,lucas,8,robust,dyn,0.35,0.8297796845436096,1.1960229873657227,2.4238717555999756,0.8489181995391846,0.8297796845436096,31.21619987487793,2.4238719940185547,0.8489181399345398,0.8527864217758179,1.1520440578460693,2.606480836868286,0.8480678200721741,0.8527863621711731,30.068349838256836,2.606480598449707,0.8480678200721741,13.391983032226562,297,6,622|772|1399|1786|2024|2818|3451|3648
bsdrcnn,lucas,8,robust,dyn,0.35,0.8361932039260864,1.1913295984268188,2.4708669185638428,0.8426143527030945,0.8361932039260864,31.09370231628418,2.4708669185638428,0.8426143527030945,0.8666144013404846,1.066750407218933,2.738255500793457,0.9356305599212646,0.8666143417358398,27.842185974121094,2.738255500793457,0.9356306195259094,13.405326843261719,297,7,658|846|1486|1829|2022|2783|3457|3722
bsdrcnn,lucas,8,robust,dyn,0.35,0.8372206687927246,1.185158610343933,2.4786529541015625,0.8470017313957214,0.8372206687927246,30.932640075683594,2.4786527156829834,0.8470017910003662,0.8551139831542969,1.116068959236145,2.6273341178894043,0.8977184295654297,0.8551139831542969,29.12940216064453,2.6273341178894043,0.8977184295654297,13.411866664886475,297,8,647|861|1430|1824|2021|2818|3461|3716
bsdrcnn,lucas,8,robust,dyn,0.35,0.8460904359817505,1.148983359336853,2.549074411392212,0.8603307604789734,0.8460904359817505,29.98846435546875,2.549074411392212,0.8603307604789734,0.8494958281517029,1.143762469291687,2.5778298377990723,0.8944064974784851,0.8494958877563477,29.85219955444336,2.5778300762176514,0.8944064974784851,13.414725542068481,297,9,656|856|1483|1829|2021|2791|3450|3711
bsdrcnn,lucas,8,robust,dyn,0.45,0.8395715951919556,1.178623080253601,2.4967641830444336,0.8549491167068481,0.8395715951919556,30.762062072753906,2.4967637062072754,0.8549491763114929,0.8613667488098145,1.089830994606018,2.6858913898468018,0.9140578508377075,0.8613667488098145,28.4445858001709,2.6858913898468018,0.9140579700469971,17.129910230636597,297,0,657|840|1504|1840|2023|2807|3451|3699
bsdrcnn,lucas,8,robust,dyn,0.45,0.833808183670044,1.1828243732452393,2.4530889987945557,0.8357163667678833,0.833808183670044,30.87171745300293,2.4530887603759766,0.8357164263725281,0.8539248108863831,1.1377004384994507,2.616579294204712,0.8890690803527832,0.8539248108863831,29.693981170654297,2.616579294204712,0.8890689611434937,17.070594549179077,297,1,627|774|1398|1794|2021|2788|3442|3671
bsdrcnn,lucas,8,robust,dyn,0.45,0.8427053689956665,1.1574152708053589,2.521512985229492,0.8573734164237976,0.8427053689956665,30.208538055419922,2.5215132236480713,0.8573734760284424,0.8501729369163513,1.144421935081482,2.5836102962493896,0.8838473558425903,0.8501729369163513,29.869413375854492,2.5836102962493896,0.8838472366333008,17.121344327926636,297,2,645|849|1398|1800|2023|2795|3458|3663
bsdrcnn,lucas,8,robust,dyn,0.45,0.8343858122825623,1.2045260667800903,2.4573633670806885,0.8333828449249268,0.8343858122825623,31.43813133239746,2.4573633670806885,0.8333829045295715,0.8452531099319458,1.14303457736969,2.542208671569824,0.8715121746063232,0.8452531099319458,29.833202362060547,2.5422089099884033,0.871512234210968,17.1279513835907,297,3,616|775|1394|1776|2024|2818|3452|3639
bsdrcnn,lucas,8,robust,dyn,0.45,0.8271285891532898,1.2216602563858032,2.4052298069000244,0.8373756408691406,0.8271285891532898,31.885334014892578,2.405229330062866,0.8373755812644958,0.8578617572784424,1.1055433750152588,2.652568817138672,0.8837386965751648,0.8578617572784424,28.85468101501465,2.652568817138672,0.8837387561798096,17.1300790309906,297,4,653|858|1399|1781|2024|2781|3448|3649
bsdrcnn,lucas,8,robust,dyn,0.45,0.8392612338066101,1.1885037422180176,2.494352340698242,0.8381702899932861,0.8392611742019653,31.019948959350586,2.494352340698242,0.8381702899932861,0.8477486371994019,1.1315460205078125,2.562958240509033,0.8905186057090759,0.8477486371994019,29.53335189819336,2.562958002090454,0.8905186057090759,17.15106749534607,297,5,635|815|1399|1779|2022|2787|3458|3656
bsdrcnn,lucas,8,robust,dyn,0.45,0.8450302481651306,1.1557437181472778,2.540356159210205,0.8851343393325806,0.8450301885604858,30.16490936279297,2.540356159210205,0.8851343989372253,0.8442813754081726,1.158278226852417,2.534264087677002,0.8401954174041748,0.8442813158035278,30.231063842773438,2.5342636108398438,0.8401952981948853,17.10208559036255,297,6,593|750|1395|1788|2022|2816|3450|3651
bsdrcnn,lucas,8,robust,dyn,0.45,0.8380441665649414,1.191529393196106,2.4849627017974854,0.839257538318634,0.8380441665649414,31.098918914794922,2.4849624633789062,0.8392574191093445,0.8515027165412903,1.1192666292190552,2.5951526165008545,0.8968653082847595,0.8515027761459351,29.212858200073242,2.5951530933380127,0.8968653082847595,17.146162748336792,297,7,634|815|1393|1790|2023|2817|3458|3652
bsdrcnn,lucas,8,robust,dyn,0.45,0.8354535698890686,1.2068166732788086,2.4653236865997314,0.8381506204605103,0.8354535698890686,31.49791717529297,2.4653234481811523,0.838150680065155,0.84981369972229,1.1186496019363403,2.5805182456970215,0.8870848417282104,0.8498136401176453,29.196752548217773,2.5805182456970215,0.8870849013328552,17.118492126464844,297,8,647|864|1393|1791|2022|2792|3460|3640
bsdrcnn,lucas,8,robust,dyn,0.45,0.8318859934806824,1.1947616338729858,2.4390246868133545,0.8401938676834106,0.8318859934806824,31.183279037475586,2.4390249252319336,0.8401939272880554,0.8524693250656128,1.137652039527893,2.603640556335449,0.87563556432724,0.8524693250656128,29.692720413208008,2.60364031791687,0.8756355047225952,17.15453839302063,297,9,635|813|1399|1781|2022|2818|3444|3647
bsdrcnn,lucas,8,robust,dyn,0.55,0.8418561816215515,1.1832664012908936,2.5147571563720703,0.8677842617034912,0.8418561816215515,30.88325309753418,2.5147571563720703,0.8677842020988464,0.8485051393508911,1.1297193765640259,2.5693256855010986,0.8648267388343811,0.8485050797462463,29.48567771911621,2.5693254470825195,0.8648266792297363,20.93827486038208,297,0,630|814|1395|1792|2021|2793|3451|3664
bsdrcnn,lucas,8,robust,dyn,0.55,0.851001501083374,1.1079119443893433,2.5907843112945557,0.9060570001602173,0.851001501083374,28.916501998901367,2.5907840728759766,0.9060570001602173,0.8513283133506775,1.1521100997924805,2.5936059951782227,0.8679726123809814,0.8513283133506775,30.0700740814209,2.5936059951782227,0.8679726719856262,20.91524648666382,297,1,650|855|1498|1838|2021|2779|3452|3721
bsdrcnn,lucas,8,robust,dyn,0.55,0.8356773853302002,1.194654107093811,2.467024803161621,0.8338552117347717,0.835677444934845,31.180471420288086,2.467024803161621,0.8338552713394165,0.8449326753616333,1.1522892713546753,2.5395572185516357,0.8711626529693604,0.8449326753616333,30.074750900268555,2.539557456970215,0.8711627125740051,20.845008373260498,297,2,636|807|1398|1775|2024|2789|3458|3645
bsdrcnn,lucas,8,robust,dyn,0.55,0.8496302962303162,1.1436963081359863,2.578944206237793,0.8877580761909485,0.8496302366256714,29.850473403930664,2.578944206237793,0.8877581357955933,0.8499894142150879,1.132596492767334,2.582005739212036,0.8727783560752869,0.8499894142150879,29.560768127441406,2.582005739212036,0.8727783560752869,20.807244777679443,297,3,632|818|1399|1792|2022|2780|3454|3666
bsdrcnn,lucas,8,robust,dyn,0.55,0.8428871631622314,1.180887222290039,2.5229945182800293,0.8460097908973694,0.8428871631622314,30.82115364074707,2.5229945182800293,0.8460099101066589,0.8332931995391846,1.1838316917419434,2.4492971897125244,0.8479511141777039,0.8332931995391846,30.898006439208984,2.4492971897125244,0.8479511737823486,20.86979031562805,297,4,647|867|1390|1780|2023|2797|3448|3634
bsdrcnn,lucas,8,robust,dyn,0.55,0.8268059492111206,1.2228128910064697,2.403010606765747,0.8334529995918274,0.8268059492111206,31.91541290283203,2.403010606765747,0.8334530591964722,0.8502774238586426,1.13503098487854,2.5844879150390625,0.8709063529968262,0.8502774238586426,29.624309539794922,2.5844879150390625,0.8709063529968262,20.825812578201294,297,5,635|819|1396|1792|2024|2815|3437|3645
bsdrcnn,lucas,8,robust,dyn,0.55,0.8242117166519165,1.2034720182418823,2.3852128982543945,0.8245618939399719,0.8242116570472717,31.410619735717773,2.3852128982543945,0.8245619535446167,0.858336329460144,1.124514102935791,2.6569836139678955,0.8994944095611572,0.858336329460144,29.34981918334961,2.6569836139678955,0.8994945287704468,20.78933882713318,297,6,651|845|1398|1795|2023|2815|3447|3656
bsdrcnn,lucas,8,robust,dyn,0.55,0.8518670797348022,1.119490146636963,2.5983424186706543,0.8864188194274902,0.8518670797348022,29.218692779541016,2.5983426570892334,0.8864187598228455,0.8518733978271484,1.1382167339324951,2.5983736515045166,0.885299563407898,0.8518733978271484,29.70745849609375,2.5983734130859375,0.8852996230125427,20.81225609779358,297,7,658|859|1499|1834|2023|2793|3452|3714
bsdrcnn,lucas,8,robust,dyn,0.55,0.8424628973007202,1.1557155847549438,2.519595146179199,0.8586344122886658,0.8424628973007202,30.16417694091797,2.519595146179199,0.8586344718933105,0.8487479090690613,1.149204969406128,2.5713868141174316,0.880168616771698,0.8487479090690613,29.99424934387207,2.5713868141174316,0.8801687955856323,21.028135061264038,297,8,647|846|1394|1796|2023|2804|3458|3662
bsdrcnn,lucas,8,robust,dyn,0.55,0.8364421725273132,1.1336477994918823,2.472785711288452,0.8719689846038818,0.836442232131958,29.588207244873047,2.4727859497070312,0.8719689846038818,0.8507290482521057,1.17420494556427,2.5883944034576416,0.8622447848320007,0.8507289886474609,30.64674949645996,2.5883941650390625,0.8622448444366455,20.83419108390808,297,9,644|821|1399|1788|2022|2783|3454|3675
bsdrcnn,lucas,8,robust,dyn,0.65,0.8568010330200195,1.111598014831543,2.6427652835845947,0.8720316886901855,0.8568010330200195,29.01270866394043,2.6427650451660156,0.8720316886901855,0.8485637307167053,1.14197838306427,2.5698063373565674,0.8924486637115479,0.8485637307167053,29.80563735961914,2.5698060989379883,0.8924485445022583,25.315500736236572,297,0,655|851|1496|1833|2020|2791|3448|3719
bsdrcnn,lucas,8,robust,dyn,0.65,0.8407454490661621,1.1929094791412354,2.5060086250305176,0.8583604097366333,0.8407454490661621,31.134939193725586,2.5060083866119385,0.8583604693412781,0.8464000225067139,1.1390094757080078,2.5516419410705566,0.8678643703460693,0.8464000225067139,29.728145599365234,2.551642417907715,0.8678643703460693,25.038078784942627,297,1,621|783|1399|1792|2022|2792|3449|3659
bsdrcnn,lucas,8,robust,dyn,0.65,0.8518543839454651,1.1636022329330444,2.598268985748291,0.8659855723381042,0.8518543839454651,30.370019912719727,2.598268985748291,0.8659855723381042,0.8502717018127441,1.1171822547912598,2.5844216346740723,0.8916795253753662,0.8502717018127441,29.158456802368164,2.584421396255493,0.891679584980011,26.957677125930786,297,2,660|858|1498|1834|2022|2788|3455|3721
bsdrcnn,lucas,8,robust,dyn,0.65,0.8242775201797485,1.1870721578598022,2.3856942653656006,0.8359535336494446,0.8242775201797485,30.982582092285156,2.3856942653656006,0.8359535932540894,0.8589758276939392,1.122766137123108,2.6629841327667236,0.8974823355674744,0.8589758276939392,29.304197311401367,2.6629841327667236,0.8974823355674744,24.413779735565186,297,3,630|803|1399|1796|2022|2797|3449|3664
bsdrcnn,lucas,8,robust,dyn,0.65,0.8532074093818665,1.1271967887878418,2.6102161407470703,0.901602566242218,0.8532074093818665,29.419836044311523,2.610215902328491,0.9016026258468628,0.8499040603637695,1.1359765529632568,2.581254482269287,0.8701814413070679,0.8499040603637695,29.648988723754883,2.581254482269287,0.8701814413070679,24.444171667099,297,4,658|851|1506|1834|2023|2797|3458|3711
bsdrcnn,lucas,8,robust,dyn,0.65,0.8538129329681396,1.1413371562957764,2.6156163215637207,0.8694514036178589,0.8538129329681396,29.788902282714844,2.6156160831451416,0.8694513440132141,0.8406069874763489,1.1612207889556885,2.5048439502716064,0.86446213722229,0.8406069874763489,30.307863235473633,2.5048441886901855,0.86446213722229,24.475598096847534,297,5,639|809|1398|1795|2022|2787|3452|3665
bsdrcnn,lucas,8,robust,dyn,0.65,0.8607204556465149,1.1327422857284546,2.6796913146972656,0.9073359370231628,0.8607204556465149,29.564573287963867,2.6796913146972656,0.9073358178138733,0.848296046257019,1.1218549013137817,2.567537784576416,0.8836965560913086,0.8482959866523743,29.280414581298828,2.567537784576416,0.8836964964866638,24.536340713500977,297,6,648|876|1514|1835|2024|2783|3458|3695
bsdrcnn,lucas,8,robust,dyn,0.65,0.83977872133255,1.1752125024795532,2.49843692779541,0.8549851179122925,0.83977872133255,30.67304801940918,2.49843692779541,0.8549850583076477,0.8472265005111694,1.1473323106765747,2.558534860610962,0.8715870380401611,0.8472265005111694,29.94537353515625,2.558534860610962,0.8715871572494507,24.566363096237183,297,7,650|848|1399|1790|2022|2791|3452|3656
bsdrcnn,lucas,8,robust,dyn,0.65,0.8423299789428711,1.1377407312393188,2.518569231033325,0.8764091730117798,0.8423299789428711,29.695032119750977,2.518569231033325,0.8764092922210693,0.8465732932090759,1.1643978357315063,2.5530824661254883,0.8621034622192383,0.8465732932090759,30.390783309936523,2.553082227706909,0.8621035218238831,24.709009408950806,297,8,652|840|1398|1794|2022|2786|3458|3665
bsdrcnn,lucas,8,robust,dyn,0.65,0.8469680547714233,1.1636884212493896,2.556450843811035,0.8099493980407715,0.8469680547714233,30.372268676757812,2.556450605392456,0.8099494576454163,0.84185791015625,1.1589151620864868,2.5147316455841064,0.8884977102279663,0.84185791015625,30.24768829345703,2.5147314071655273,0.8884975910186768,24.752886056900024,297,9,645|848|1398|1790|2023|2793|3455|3658
bsdrcnn,lucas,8,robust,dyn,0.75,0.8430979251861572,1.158224105834961,2.524791717529297,0.8327916860580444,0.8430979251861572,30.229650497436523,2.524791717529297,0.8327916860580444,0.8461867570877075,1.152831792831421,2.5498604774475098,0.8807231783866882,0.8461867570877075,30.088909149169922,2.5498604774475098,0.8807231783866882,28.540000915527344,297,0,648|820|1395|1791|2024|2785|3449|3650
bsdrcnn,lucas,8,robust,dyn,0.75,0.8540388941764832,1.1914072036743164,2.617708444595337,0.8682864308357239,0.8540388941764832,31.095727920532227,2.617708683013916,0.8682864904403687,0.8498445153236389,1.1127920150756836,2.58073091506958,0.8883113265037537,0.8498445153236389,29.043872833251953,2.580730438232422,0.8883113265037537,28.734390020370483,297,1,660|850|1508|1838|2022|2789|3448|3723
bsdrcnn,lucas,8,robust,dyn,0.75,0.8499878644943237,1.1369001865386963,2.5821213722229004,0.8593643307685852,0.8499878644943237,29.673097610473633,2.5821213722229004,0.8593642711639404,0.8434979915618896,1.161373496055603,2.5278618335723877,0.8684723377227783,0.8434979319572449,30.311851501464844,2.5278611183166504,0.8684722185134888,28.7035071849823,297,2,649|847|1398|1790|2022|2787|3453|3661
bsdrcnn,lucas,8,robust,dyn,0.75,0.8530037999153137,1.1561179161071777,2.608475923538208,0.9047321081161499,0.8530037999153137,30.174678802490234,2.608475923538208,0.9047321081161499,0.842586100101471,1.1538348197937012,2.52052903175354,0.8542229533195496,0.842586100101471,30.115087509155273,2.520529270172119,0.8542229533195496,28.705334663391113,297,3,647|824|1398|1790|2023|2793|3451|3654
bsdrcnn,lucas,8,robust,dyn,0.75,0.8217694759368896,1.163930892944336,2.3689112663269043,0.8558657765388489,0.8217694759368896,30.37859535217285,2.3689112663269043,0.8558657765388489,0.852536678314209,1.1491682529449463,2.6041817665100098,0.8735286593437195,0.852536678314209,29.9932918548584,2.6041815280914307,0.8735286593437195,28.660089015960693,297,4,640|824|1397|1789|2023|2791|3449|3657
bsdrcnn,lucas,8,robust,dyn,0.75,0.8464537858963013,1.1514707803726196,2.5522327423095703,0.8551448583602905,0.8464537858963013,30.05338478088379,2.5522329807281494,0.8551449179649353,0.8462137579917908,1.1508327722549438,2.550084352493286,0.875594437122345,0.8462137579917908,30.036733627319336,2.550084352493286,0.8755944967269897,28.707598447799683,297,5,641|848|1398|1789|2022|2783|3452|3653
bsdrcnn,lucas,8,robust,dyn,0.75,0.8454897403717041,1.2039259672164917,2.544257879257202,0.821068525314331,0.8454897403717041,31.422468185424805,2.5442581176757812,0.821068525314331,0.8445501923561096,1.1401724815368652,2.536402702331543,0.8837810158729553,0.8445501923561096,29.758501052856445,2.536402463912964,0.8837810754776001,28.704643726348877,297,6,641|830|1398|1792|2022|2784|3451|3662
bsdrcnn,lucas,8,robust,dyn,0.75,0.8296078443527222,1.2196481227874756,2.422785997390747,0.8662444353103638,0.8296078443527222,31.83281898498535,2.422785758972168,0.8662444353103638,0.8505476713180542,1.1323833465576172,2.586794853210449,0.8729426264762878,0.8505476713180542,29.555204391479492,2.58679461479187,0.8729426860809326,28.746737957000732,297,7,645|821|1397|1788|2022|2785|3449|3660
bsdrcnn,lucas,8,robust,dyn,0.75,0.8492941856384277,1.155085802078247,2.576172113418579,0.8790045380592346,0.8492941856384277,30.14773941040039,2.576172113418579,0.8790045380592346,0.8542917966842651,1.1154487133026123,2.619818687438965,0.8930653929710388,0.8542917966842651,29.11321258544922,2.619818687438965,0.8930652737617493,28.713937997817993,297,8,656|848|1507|1839|2021|2804|3449|3715
bsdrcnn,lucas,8,robust,dyn,0.75,0.863278329372406,1.0924527645111084,2.7047131061553955,0.9188785552978516,0.863278329372406,28.513017654418945,2.7047131061553955,0.9188785552978516,0.8503422737121582,1.1332082748413086,2.5850188732147217,0.8824503421783447,0.8503422737121582,29.57673454284668,2.5850186347961426,0.8824504613876343,28.765687942504883,297,9,654|839|1508|1839|2023|2794|3451|3720
bsdrcnn,lucas,8,robust,dyn,0.85,0.8516855239868164,1.1465187072753906,2.5970165729522705,0.8955980539321899,0.8516855239868164,29.92413902282715,2.5970163345336914,0.8955980539321899,0.8448495864868164,1.153393268585205,2.53883957862854,0.8636850714683533,0.8448495268821716,30.103565216064453,2.538839340209961,0.8636850714683533,32.68170619010925,297,0,635|810|1393|1787|2022|2783|3454|3655
bsdrcnn,lucas,8,robust,dyn,0.85,0.8573583364486694,1.1312865018844604,2.6481542587280273,0.927977442741394,0.8573583364486694,29.52657699584961,2.6481542587280273,0.9279775023460388,0.8447133898735046,1.1525741815567017,2.5377259254455566,0.8601436018943787,0.8447134494781494,30.082183837890625,2.5377261638641357,0.8601436614990234,32.69515633583069,297,1,644|828|1399|1788|2022|2788|3455|3659
bsdrcnn,lucas,8,robust,dyn,0.85,0.857913613319397,1.1123104095458984,2.653323173522949,0.8930016160011292,0.8579135537147522,29.03130340576172,2.65332293510437,0.8930016756057739,0.8510648012161255,1.131870150566101,2.5912725925445557,0.8868785500526428,0.8510648608207703,29.541810989379883,2.5912725925445557,0.8868786096572876,32.746901750564575,297,2,659|851|1497|1833|2021|2791|3451|3714
bsdrcnn,lucas,8,robust,dyn,0.85,0.8245632648468018,1.1810691356658936,2.387845277786255,0.8369584083557129,0.8245632648468018,30.825902938842773,2.387845516204834,0.8369584083557129,0.8491017818450928,1.1480817794799805,2.5743625164031982,0.8743553161621094,0.8491017818450928,29.96493148803711,2.5743627548217773,0.8743554353713989,32.857447147369385,297,3,645|828|1397|1796|2023|2815|3449|3665
bsdrcnn,lucas,8,robust,dyn,0.85,0.8464416265487671,1.1349601745605469,2.552288055419922,0.8954353928565979,0.8464415669441223,29.622461318969727,2.5522878170013428,0.8954354524612427,0.8473125696182251,1.149787187576294,2.559234619140625,0.8663939237594604,0.8473125696182251,30.00944709777832,2.559234380722046,0.8663938641548157,32.85243844985962,297,4,634|811|1397|1791|2022|2790|3455|3659
bsdrcnn,lucas,8,robust,dyn,0.85,0.8451092839241028,1.0890294313430786,2.5412869453430176,0.8909828066825867,0.845109224319458,28.423667907714844,2.5412869453430176,0.8909827470779419,0.8460930585861206,1.1629079580307007,2.549075126647949,0.866502583026886,0.8460930585861206,30.351898193359375,2.549075126647949,0.8665026426315308,32.73792552947998,297,5,652|829|1398|1789|2022|2787|3451|3662
bsdrcnn,lucas,8,robust,dyn,0.85,0.8517810106277466,1.183969259262085,2.5978527069091797,0.8802133798599243,0.8517810106277466,30.901596069335938,2.597852945327759,0.8802133798599243,0.8508120775222778,1.1239964962005615,2.5890767574310303,0.8828650116920471,0.8508120775222778,29.3363094329834,2.589076519012451,0.8828650116920471,34.92825722694397,297,6,658|854|1499|1833|2021|2794|3451|3715
bsdrcnn,lucas,8,robust,dyn,0.85,0.8146350979804993,1.2127569913864136,2.323018789291382,0.8340452909469604,0.8146350383758545,31.6529598236084,2.3230185508728027,0.8340451717376709,0.8498022556304932,1.1456294059753418,2.5803585052490234,0.8720465302467346,0.8498022556304932,29.900928497314453,2.5803585052490234,0.8720465302467346,32.33726763725281,297,7,634|805|1399|1779|2023|2783|3454|3646
bsdrcnn,lucas,8,robust,dyn,0.85,0.8583111763000488,1.1110509634017944,2.657043218612671,0.9069455862045288,0.8583111763000488,28.998428344726562,2.657043218612671,0.9069457054138184,0.8526152968406677,1.125912070274353,2.6048667430877686,0.8881688117980957,0.8526152968406677,29.386302947998047,2.6048667430877686,0.88816899061203,32.46169352531433,297,8,662|844|1509|1839|2023|2791|3451|3716
bsdrcnn,lucas,8,robust,dyn,0.85,0.854246973991394,1.0499120950698853,2.619736671447754,0.948811411857605,0.854246973991394,27.4027042388916,2.619736671447754,0.9488114714622498,0.8500055074691772,1.1491345167160034,2.582105875015259,0.8735542893409729,0.8500055074691772,29.99241065979004,2.582105875015259,0.8735543489456177,32.63627600669861,297,9,666|851|1497|1834|2023|2791|3449|3716
bsdrcnn,lucas,8,robust,dyn,0.95,0.8518991470336914,1.2634477615356445,2.5996837615966797,0.8354564309120178,0.8518991470336914,32.97598648071289,2.599684000015259,0.8354565501213074,0.8522714972496033,1.120758295059204,2.6018266677856445,0.8888344168663025,0.8522714972496033,29.25179100036621,2.6018264293670654,0.8888344764709473,35.35590696334839,297,0,663|849|1494|1832|2022|2787|3451|3711
bsdrcnn,lucas,8,robust,dyn,0.95,0.8380935788154602,1.1729766130447388,2.4863786697387695,0.8713136911392212,0.8380935788154602,30.614688873291016,2.4863786697387695,0.8713138103485107,0.8466487526893616,1.1500097513198853,2.5536820888519287,0.8695578575134277,0.8466486930847168,30.015254974365234,2.5536818504333496,0.8695579171180725,35.430238246917725,297,1,642|822|1397|1790|2022|2783|3453|3662
bsdrcnn,lucas,8,robust,dyn,0.95,0.8631563186645508,1.1408939361572266,2.7044997215270996,0.7749183177947998,0.8631563186645508,29.77733039855957,2.7044994831085205,0.7749183177947998,0.8452845811843872,1.1515276432037354,2.5423991680145264,0.8750661015510559,0.8452845811843872,30.05487060546875,2.5423991680145264,0.8750661015510559,35.38773822784424,297,2,650|829|1395|1791|2022|2784|3453|3660
bsdrcnn,lucas,8,robust,dyn,0.95,0.843346893787384,1.2469993829727173,2.5277249813079834,0.7350978851318359,0.843346893787384,32.54668426513672,2.5277249813079834,0.7350978851318359,0.8433820605278015,1.1570836305618286,2.526909828186035,0.8675529956817627,0.8433821201324463,30.199880599975586,2.526909828186035,0.8675531148910522,35.293046712875366,297,3,636|813|1397|1779|2023|2788|3454|3639
bsdrcnn,lucas,8,robust,dyn,0.95,0.8813158869743347,1.0325888395309448,2.9040424823760986,0.9517424702644348,0.8813158273696899,26.95056915283203,2.9040422439575195,0.9517423510551453,0.8512479662895203,1.1309459209442139,2.5928597450256348,0.8842155933380127,0.8512479066848755,29.517690658569336,2.5928595066070557,0.8842155933380127,35.48285436630249,297,4,654|856|1498|1833|2022|2791|3452|3712
bsdrcnn,lucas,8,robust,dyn,0.95,0.8574671745300293,1.0430620908737183,2.649975299835205,0.9394311904907227,0.8574671745300293,27.223918914794922,2.6499757766723633,0.9394312500953674,0.8535249829292297,1.1268812417984009,2.612936019897461,0.8874049782752991,0.8535250425338745,29.41160011291504,2.612935781478882,0.8874050378799438,35.37401580810547,297,5,660|843|1497|1834|2022|2791|3451|3712
bsdrcnn,lucas,8,robust,dyn,0.95,0.865894079208374,1.1094017028808594,2.731966257095337,0.9359226822853088,0.865894079208374,28.95538330078125,2.731966257095337,0.9359226226806641,0.8463390469551086,1.1487749814987183,2.551107406616211,0.8671572208404541,0.8463390469551086,29.9830265045166,2.551107406616211,0.8671572804450989,35.44219923019409,297,6,646|824|1398|1792|2022|2787|3452|3662
bsdrcnn,lucas,8,robust,dyn,0.95,0.8182982206344604,1.242743730545044,2.3470356464385986,0.8223984837532043,0.8182982206344604,32.435611724853516,2.3470354080200195,0.8223986029624939,0.8461853265762329,1.1517398357391357,2.549832344055176,0.868251621723175,0.8461853265762329,30.060409545898438,2.549832344055176,0.8682517409324646,35.350014448165894,297,7,650|844|1397|1791|2022|2790|3451|3654
bsdrcnn,lucas,8,robust,dyn,0.95,0.8403023481369019,1.2483302354812622,2.503514051437378,0.8133469820022583,0.8403023481369019,32.581417083740234,2.503514289855957,0.8133470416069031,0.8464773893356323,1.1461994647979736,2.5522563457489014,0.8724485039710999,0.8464773893356323,29.915803909301758,2.5522563457489014,0.8724486231803894,35.43696641921997,297,8,650|840|1399|1791|2022|2783|3453|3656
bsdrcnn,lucas,8,robust,dyn,0.95,0.8270955085754395,1.1895077228546143,2.406002998352051,0.8592046499252319,0.8270955085754395,31.046152114868164,2.406002998352051,0.8592047095298767,0.8475269079208374,1.1478127241134644,2.5610251426696777,0.8712222576141357,0.8475269079208374,29.95791244506836,2.5610251426696777,0.8712223172187805,35.356529235839844,297,9,642|819|1399|1792|2022|2793|3451|3664
bsdrcnn,lucas,16,robust,dyn,0.05,0.732890248298645,1.5123506784439087,1.934931755065918,0.6612222790718079,0.732890248298645,39.472354888916016,1.9349315166473389,0.6612223386764526,0.9698861837387085,0.5393157005310059,5.765229225158691,1.8470972776412964,0.9698861837387085,14.076138496398926,5.765230178833008,1.8470975160598755,8.118860960006714,4657,0,224|497|728|957|1200|1411|1736|1998|2139|2387|2654|2878|3196|3516|3694|3899
bsdrcnn,lucas,16,robust,dyn,0.05,0.741890549659729,1.4945495128631592,1.9683781862258911,0.6690979599952698,0.741890549659729,39.00774383544922,1.9683781862258911,0.6690979599952698,0.9680487513542175,0.5032839179039001,5.597003936767578,1.979337215423584,0.9680487513542175,13.135709762573242,5.59700345993042,1.979337453842163,8.141839981079102,4657,1,261|479|704|953|1216|1402|1675|1992|2138|2288|2653|2922|3212|3502|3686|3910
bsdrcnn,lucas,16,robust,dyn,0.05,0.7797385454177856,1.3797308206558228,2.1307928562164307,0.7275559902191162,0.7797385454177856,36.0109748840332,2.1307928562164307,0.7275559902191162,0.9678062200546265,0.5120143294334412,5.575883865356445,1.9231382608413696,0.9678062200546265,13.363574028015137,5.575883388519287,1.92313814163208,8.111353158950806,4657,2,252|507|733|970|1221|1436|1708|2014|2138|2397|2655|2930|3205|3239|3667|3913
bsdrcnn,lucas,16,robust,dyn,0.05,0.7720930576324463,1.4031920433044434,2.094747543334961,0.7153912782669067,0.7720930576324463,36.62331008911133,2.09474778175354,0.7153913974761963,0.9541429877281189,0.6135554313659668,4.671932697296143,1.5549092292785645,0.9541429877281189,16.013797760009766,4.671932220458984,1.5549092292785645,8.101873874664307,4657,3,257|490|738|964|1225|1447|1692|1973|2208|2424|2654|2918|3211|3493|3693|3913
bsdrcnn,lucas,16,robust,dyn,0.05,0.7927495241165161,1.3401731252670288,2.1966593265533447,0.7461722493171692,0.7927495241165161,34.978515625,2.196659564971924,0.7461723685264587,0.9512401223182678,0.6124705672264099,4.530730724334717,1.5889416933059692,0.9512401223182678,15.985480308532715,4.530731201171875,1.588942050933838,8.115741968154907,4657,4,278|526|762|1004|1291|1474|1736|1984|2138|2396|2642|2914|3191|3499|3701|3909
bsdrcnn,lucas,16,robust,dyn,0.05,0.7693835496902466,1.4110113382339478,2.0824058055877686,0.7087115049362183,0.7693835496902466,36.827396392822266,2.0824058055877686,0.708711564540863,0.9601806402206421,0.5757774114608765,5.013632297515869,1.7700538635253906,0.9601806402206421,15.027790069580078,5.013632774353027,1.7700539827346802,8.150893449783325,4657,5,210|415|720|963|1188|1410|1788|1952|2228|2441|2640|2924|3206|3499|3696|3908
bsdrcnn,lucas,16,robust,dyn,0.05,0.7315905094146729,1.522030234336853,1.9302411079406738,0.657017171382904,0.7315905094146729,39.7249870300293,1.9302411079406738,0.6570172905921936,0.955619752407074,0.6095061302185059,4.749025821685791,1.6281003952026367,0.955619752407074,15.908108711242676,4.749025821685791,1.6281005144119263,8.071467876434326,4657,6,217|516|706|949|1176|1396|1654|1993|2140|2410|2651|2932|3187|3425|3671|3913
bsdrcnn,lucas,16,robust,dyn,0.05,0.7965031862258911,1.3203628063201904,2.2168264389038086,0.7631711363792419,0.7965031862258911,34.46147155761719,2.2168262004852295,0.7631710767745972,0.9686363935470581,0.5482450723648071,5.649195194244385,1.6143465042114258,0.9686363935470581,14.309195518493652,5.649195194244385,1.6143466234207153,8.108875513076782,4657,7,263|518|713|953|1176|1405|1772|2012|2143|2422|2651|2924|3196|3223|3687|3913
bsdrcnn,lucas,16,robust,dyn,0.05,0.8057969808578491,1.2921500205993652,2.2692506313323975,0.7768690586090088,0.8057969808578491,33.72511291503906,2.2692508697509766,0.7768691778182983,0.9731083512306213,0.4920801818370819,6.100854873657227,1.9231828451156616,0.9731083512306213,12.843292236328125,6.100854873657227,1.9231829643249512,8.077519655227661,4657,8,270|520|733|962|1233|1427|1712|2003|2145|2434|2648|2915|3203|3503|3657|3909
bsdrcnn,lucas,16,robust,dyn,0.05,0.7873515486717224,1.3594913482666016,2.1685996055603027,0.7299326658248901,0.7873515486717224,35.482723236083984,2.1685996055603027,0.7299327254295349,0.9622578024864197,0.5217962861061096,5.149746417999268,2.2101664543151855,0.9622578024864197,13.61888313293457,5.149745941162109,2.2101666927337646,8.15678095817566,4657,9,290|535|725|987|1223|1444|1737|1951|2208|2416|2646|2924|3201|3505|3691|3909
bsdrcnn,lucas,16,robust,dyn,0.15,0.8415865898132324,1.1765247583389282,2.5125558376312256,0.853217363357544,0.8415865898132324,30.70729637145996,2.5125558376312256,0.8532174229621887,0.9156652092933655,0.8180226683616638,3.4439990520477295,1.2130924463272095,0.9156651496887207,21.350391387939453,3.4439988136291504,1.2130924463272095,20.97853398323059,4657,0,244|521|739|959|1210|1445|1703|2007|2135|2291|2655|2921|3202|3423|3666|3908
bsdrcnn,lucas,16,robust,dyn,0.15,0.8475991487503052,1.1466138362884521,2.5616397857666016,0.8821576237678528,0.84759920835495,29.926620483398438,2.5616400241851807,0.8821578025817871,0.9175996780395508,0.8401927947998047,3.4841911792755127,1.1332008838653564,0.9175996780395508,21.929031372070312,3.4841909408569336,1.1332008838653564,20.853785037994385,4657,1,266|555|709|944|1215|1447|1736|2010|2145|2412|2653|2924|3205|3221|3680|3910
bsdrcnn,lucas,16,robust,dyn,0.15,0.8573422431945801,1.1129562854766846,2.6476707458496094,0.8985078930854797,0.8573421835899353,29.048160552978516,2.6476705074310303,0.8985078930854797,0.9238626956939697,0.7924749255180359,3.6246628761291504,1.249782681465149,0.9238626956939697,20.683595657348633,3.6246628761291504,1.249782681465149,20.866016149520874,4657,2,272|473|735|982|1289|1471|1691|2022|2218|2426|2645|2922|3465|3497|3679|3930
bsdrcnn,lucas,16,robust,dyn,0.15,0.8399180769920349,1.1759443283081055,2.4994277954101562,0.8536385297775269,0.8399180769920349,30.69214630126953,2.4994277954101562,0.8536385893821716,0.9236541986465454,0.8056309819221497,3.6197116374969482,1.2151062488555908,0.9236541986465454,21.026966094970703,3.6197118759155273,1.2151063680648804,21.025976419448853,4657,3,280|520|744|977|1268|1473|1755|2012|2136|2307|2656|2920|3204|3485|3665|3912
bsdrcnn,lucas,16,robust,dyn,0.15,0.8510658740997314,1.1319702863693237,2.5912821292877197,0.8901848196983337,0.8510658740997314,29.544424057006836,2.5912818908691406,0.8901848793029785,0.9340543746948242,0.7573946714401245,3.8946950435638428,1.2849048376083374,0.9340543746948242,19.768001556396484,3.8946948051452637,1.2849048376083374,21.138036489486694,4657,4,243|516|729|981|1243|1466|1710|2027|2136|2316|2648|2921|3471|3473|3675|3934
bsdrcnn,lucas,16,robust,dyn,0.15,0.8459118008613586,1.15053391456604,2.547574996948242,0.8691616654396057,0.8459117412567139,30.028934478759766,2.547574996948242,0.8691617846488953,0.9314654469490051,0.775335431098938,3.820425271987915,1.2823518514633179,0.9314654469490051,20.236255645751953,3.820425271987915,1.2823519706726074,21.15448570251465,4657,5,208|476|719|969|1209|1404|1643|2027|2098|2279|2637|2922|3470|3494|3672|3910
bsdrcnn,lucas,16,robust,dyn,0.15,0.8419615030288696,1.1605743169784546,2.5155346393585205,0.8616423606872559,0.8419615030288696,30.29098892211914,2.5155346393585205,0.8616424798965454,0.928400993347168,0.809649646282196,3.7377727031707764,1.2445664405822754,0.928400993347168,21.131855010986328,3.7377729415893555,1.244566559791565,21.254035711288452,4657,6,274|516|722|975|1253|1447|1669|2026|2139|2313|2651|2922|3469|3496|3683|3903
bsdrcnn,lucas,16,robust,dyn,0.15,0.8431236147880554,1.1683800220489502,2.524834632873535,0.8624443411827087,0.8431236743927002,30.494718551635742,2.5248348712921143,0.8624444007873535,0.926186740398407,0.7751138210296631,3.681283950805664,1.2678894996643066,0.926186740398407,20.230470657348633,3.681283950805664,1.2678894996643066,21.352872371673584,4657,7,290|525|724|972|1200|1398|1785|2003|2146|2401|2656|2924|3200|3440|3700|3909
bsdrcnn,lucas,16,robust,dyn,0.15,0.854440450668335,1.134940505027771,2.6211469173431396,0.884479284286499,0.854440450668335,29.621946334838867,2.6211469173431396,0.8844794034957886,0.9202893376350403,0.762665331363678,3.542487144470215,1.2910962104797363,0.9202893376350403,19.90556526184082,3.5424869060516357,1.2910960912704468,21.254055500030518,4657,8,261|542|708|951|1193|1422|1671|2016|2119|2276|2646|2922|3467|3469|3669|3910
bsdrcnn,lucas,16,robust,dyn,0.15,0.8551450967788696,1.1191561222076416,2.627514362335205,0.896953821182251,0.8551450967788696,29.209976196289062,2.627514362335205,0.8969538807868958,0.9271818399429321,0.7845507264137268,3.7063522338867188,1.2770565748214722,0.9271818995475769,20.47677230834961,3.706352710723877,1.2770566940307617,21.214622020721436,4657,9,242|494|678|969|1217|1374|1676|2025|2130|2311|2650|2922|3434|3468|3660|3909
bsdrcnn,lucas,16,robust,dyn,0.25,0.8548257350921631,1.1399785280227661,2.6246321201324463,0.8805704116821289,0.8548257350921631,29.75343894958496,2.624631881713867,0.8805705308914185,0.8948550820350647,0.8946607112884521,3.0842230319976807,1.1006120443344116,0.8948550820350647,23.350645065307617,3.0842227935791016,1.100611925125122,35.212074279785156,4657,0,271|524|715|973|1237|1414|1715|2009|2158|2422|2648|2923|3216|3492|3661|3922
bsdrcnn,lucas,16,robust,dyn,0.25,0.8610778450965881,1.1173866987228394,2.683042287826538,0.8983741998672485,0.8610778450965881,29.16379165649414,2.683042287826538,0.8983743190765381,0.9153982400894165,0.7967334389686584,3.4383511543273926,1.2455071210861206,0.9153982400894165,20.794742584228516,3.4383511543273926,1.2455072402954102,35.530322790145874,4657,1,302|535|715|973|1258|1414|1661|2018|2120|2262|2642|2922|3470|3486|3665|3943
bsdrcnn,lucas,16,robust,dyn,0.25,0.8619370460510254,1.093194842338562,2.691378116607666,0.9042356014251709,0.8619370460510254,28.532386779785156,2.691377878189087,0.9042356014251709,0.8946248292922974,0.9465599060058594,3.0808515548706055,1.09693443775177,0.8946248292922974,24.70521354675293,3.0808515548706055,1.0969345569610596,35.91756534576416,4657,2,293|529|750|978|1231|1456|1781|2017|2141|2403|2653|2926|3204|3446|3671|3913
bsdrcnn,lucas,16,robust,dyn,0.25,0.8552621603012085,1.1023691892623901,2.6285862922668457,0.9175639748573303,0.8552621603012085,28.77183723449707,2.6285862922668457,0.9175638556480408,0.9164699912071228,0.8805102109909058,3.460339069366455,1.105245590209961,0.9164699912071228,22.9813175201416,3.460338830947876,1.1052454710006714,35.975672245025635,4657,3,294|519|693|961|1206|1398|1725|2012|2140|2408|2653|2924|3215|3472|3670|3913
bsdrcnn,lucas,16,robust,dyn,0.25,0.8589813709259033,1.1212161779403687,2.6630237102508545,0.8987230062484741,0.8589813709259033,29.263742446899414,2.6630237102508545,0.8987230062484741,0.9037219285964966,0.8623624444007874,3.2231175899505615,1.1418335437774658,0.9037218689918518,22.507661819458008,3.2231171131134033,1.1418334245681763,35.89782905578613,4657,4,252|528|720|972|1204|1370|1684|2015|2133|2334|2655|2922|3200|3361|3685|3909
bsdrcnn,lucas,16,robust,dyn,0.25,0.8623961210250854,1.0877413749694824,2.695863723754883,0.9263808727264404,0.8623961210250854,28.39004898071289,2.695863723754883,0.9263809323310852,0.9152287244796753,0.8575951457023621,3.434910774230957,1.1526484489440918,0.9152286648750305,22.38323402404785,3.434910535812378,1.1526484489440918,35.97562003135681,4657,5,264|514|689|957|1214|1399|1703|2023|2132|2288|2649|2923|3463|3475|3663|3910
bsdrcnn,lucas,16,robust,dyn,0.25,0.8690511584281921,1.059722900390625,2.763519287109375,0.9291809797286987,0.8690512180328369,27.658767700195312,2.763519287109375,0.9291809797286987,0.9065396785736084,0.9038665890693665,3.2713444232940674,1.161463975906372,0.9065396785736084,23.590917587280273,3.2713444232940674,1.161463975906372,35.89758539199829,4657,6,294|530|696|941|1242|1445|1724|2025|2211|2424|2646|2922|3460|3462|3654|3906
