algorithm,dataset,target_size,scaler_y,mode,train_size,r2,rmse,rpd,rpiq,train_r2,train_rmse,train_rpd,train_rpiq,execution_time,fold,selected_bands
bsdrcnn,lucas,8,robust,dyn,0.05,0.7968156933784485,1.3240859508514404,2.2185306549072266,0.7639188170433044,0.8792718052864075,1.0072742700576782,2.8793540000915527,0.8900770545005798,5.72934889793396,0,581|867|1275|1837|2016|2486|3447|3640
bsdrcnn,lucas,8,robust,dyn,0.15,0.8374742865562439,1.1851816177368164,2.4805655479431152,0.8486016392707825,0.8657895922660828,1.0666218996047974,2.730067253112793,0.9249669909477234,5.952012538909912,0,570|828|1197|1621|2023|2925|3458|3638
bsdrcnn,lucas,8,robust,dyn,0.25,0.835100531578064,1.1893141269683838,2.462655544281006,0.8440422415733337,0.8638635277748108,1.090667724609375,2.710520029067993,0.9098436832427979,9.667269229888916,0,655|891|1389|1794|2024|2783|3459|3654
bsdrcnn,lucas,8,robust,dyn,0.35,0.8402845859527588,1.1663542985916138,2.502314567565918,0.8639422655105591,0.8628454804420471,1.0988446474075317,2.700371026992798,0.8943562507629395,13.448847532272339,0,645|878|1515|1844|2025|2780|3449|3700
bsdrcnn,lucas,8,robust,dyn,0.45,0.8444032669067383,1.1545252799987793,2.53523325920105,0.8628382682800293,0.8553695678710938,1.1204670667648315,2.629615545272827,0.8993238806724548,17.100131273269653,0,659|854|1491|1829|2022|2810|3450|3711
bsdrcnn,lucas,8,robust,dyn,0.55,0.8507166504859924,1.1644768714904785,2.588310956954956,0.8653351664543152,0.8437922596931458,1.1342438459396362,2.5302698612213135,0.8782666325569153,21.021317720413208,0,598|866|1309|1781|2021|2807|3449|3643
bsdrcnn,lucas,8,robust,dyn,0.65,0.8503485321998596,1.1756173372268677,2.5851633548736572,0.8864666819572449,0.8511908054351807,1.110156536102295,2.592391014099121,0.8792036175727844,24.6279456615448,0,656|822|1514|1839|2024|2783|3453|3717
bsdrcnn,lucas,8,robust,dyn,0.75,0.8428566455841064,1.1354323625564575,2.5228524208068848,0.8731293678283691,0.8459793329238892,1.1612776517868042,2.548142910003662,0.8644198179244995,29.052942752838135,0,658|841|1395|1792|2022|2783|3453|3656
bsdrcnn,lucas,8,robust,dyn,0.85,0.8637093901634216,1.1300523281097412,2.709152936935425,0.8713528513908386,0.8515986204147339,1.1221157312393188,2.595928907394409,0.8945881128311157,32.836930990219116,0,658|836|1503|1834|2022|2791|3449|3715
bsdrcnn,lucas,8,robust,dyn,0.95,0.8513903021812439,1.169884443283081,2.595229387283325,0.8146660923957825,0.8519901633262634,1.1273455619812012,2.5993525981903076,0.8904380798339844,35.71684718132019,0,662|851|1497|1833|2022|2791|3449|3715
bsdrcnn,lucas,16,robust,dyn,0.05,0.7714321613311768,1.4012503623962402,2.091717004776001,0.7136483192443848,0.9575769901275635,0.6226125955581665,4.85734224319458,1.6122889518737793,8.177479267120361,0,301|523|735|990|1221|1449|1732|1999|2145|2425|2658|2875|3203|3487|3657|3912
bsdrcnn,lucas,16,robust,dyn,0.15,0.8413631916046143,1.1829078197479248,2.510786294937134,0.855091392993927,0.9120838046073914,0.809411883354187,3.373121500015259,1.1573609113693237,20.64757990837097,0,237|515|721|982|1229|1420|1721|2024|2152|2422|2653|2923|3466|3497|3672|3914
bsdrcnn,lucas,16,robust,dyn,0.25,0.8447890281677246,1.157979965209961,2.538353204727173,0.8701901435852051,0.9088298678398132,0.8830673098564148,3.3121769428253174,1.119400143623352,35.810285806655884,0,308|503|731|978|1225|1431|1669|1953|2211|2449|2653|2931|3191|3502|3662|3929
bsdrcnn,lucas,16,robust,dyn,0.35,0.8743435144424438,1.038521647453308,2.8211288452148438,0.9850430488586426,0.9062173962593079,0.9023543000221252,3.2656326293945312,1.0657519102096558,49.44994330406189,0,305|513|740|984|1246|1461|1741|2022|2227|2432|2634|2922|3431|3465|3657|3911
bsdrcnn,lucas,16,robust,dyn,0.45,0.8730270266532898,1.044339656829834,2.806483268737793,0.9465366005897522,0.9078259468078613,0.893039882183075,3.2939560413360596,1.1326417922973633,64.38281536102295,0,292|528|705|935|1168|1396|1740|2025|2141|2403|2644|2923|3475|3487|3664|3924
bsdrcnn,lucas,16,robust,dyn,0.55,0.8724042773246765,1.0425924062728882,2.799652338027954,0.9554726481437683,0.9048171043395996,0.9099198579788208,3.241445302963257,1.1032085418701172,79.4608142375946,0,289|531|712|966|1214|1402|1723|2022|2194|2432|2650|2923|3467|3476|3654|3911
bsdrcnn,lucas,16,robust,dyn,0.65,0.8777742981910706,1.0432995557785034,2.860534429550171,0.9658422470092773,0.8947039842605591,0.9439839720726013,3.0818352699279785,1.055281162261963,93.40977025032043,0,235|540|717|962|1255|1456|1765|2020|2140|2370|2651|2924|3210|3492|3672|3926
bsdrcnn,lucas,16,robust,dyn,0.75,0.8756861686706543,1.018943428993225,2.8364830017089844,0.9964494705200195,0.8935359120368958,0.9627721309661865,3.0648674964904785,1.0317031145095825,108.4223279953003,0,294|533|705|962|1195|1399|1765|2015|2141|2394|2655|2925|3207|3430|3663|3908
bsdrcnn,lucas,16,robust,dyn,0.85,0.8903582692146301,0.9834701418876648,3.020498037338257,1.0323909521102905,0.9009890556335449,0.9217894077301025,3.1781184673309326,1.083807349205017,109.61914682388306,0,288|524|689|951|1177|1398|1790|2026|2104|2239|2646|2922|3467|3475|3670|3953
bsdrcnn,lucas,16,robust,dyn,0.95,0.9077202081680298,0.9494795799255371,3.2934114933013916,0.9704853296279907,0.9019148349761963,0.9161498546600342,3.19307279586792,1.099888563156128,121.12818670272827,0,305|529|697|960|1181|1396|1799|2026|2104|2238|2646|2922|3472|3475|3663|3945
bsdrcnn,lucas,32,robust,dyn,0.05,0.7590348124504089,1.436453104019165,2.037198543548584,0.6961591839790344,0.9703205823898315,0.5353031754493713,5.807266712188721,1.8752577304840088,9.35739254951477,0,141|271|408|493|619|766|832|992|1197|1307|1395|1540|1650|1654|1923|2024|2115|2195|2401|2479|2500|2716|2921|3100|3235|3404|3470|3527|3632|3712|3918|4018
bsdrcnn,lucas,32,robust,dyn,0.15,0.8761966228485107,1.0304466485977173,2.8421401977539062,0.9630165696144104,0.9439545273780823,0.704296886920929,4.224703311920166,1.4769763946533203,24.941132068634033,0,130|261|391|499|598|731|817|966|1086|1269|1390|1527|1641|1713|1911|2021|2148|2180|2411|2595|2600|2768|2910|3061|3224|3414|3479|3525|3618|3689|3881|4011
bsdrcnn,lucas,32,robust,dyn,0.25,0.8842563629150391,1.0024453401565552,2.9394404888153076,1.005204677581787,0.937174379825592,0.7274986505508423,3.989987373352051,1.3429735898971558,40.653767108917236,0,112|287|391|491|601|772|813|1011|1132|1247|1371|1532|1636|1680|1914|2027|2130|2219|2373|2512|2549|2719|2923|3052|3247|3375|3475|3528|3635|3712|3853|3997
bsdrcnn,lucas,32,robust,dyn,0.35,0.8932896256446838,0.9568995833396912,3.061343193054199,1.039035677909851,0.9278274774551392,0.7917804718017578,3.7225680351257324,1.2799127101898193,57.9871346950531,0,104|271|412|526|611|787|823|1015|1166|1263|1375|1531|1676|1781|1925|2021|2142|2189|2425|2557|2604|2787|2930|3053|3250|3399|3479|3528|3653|3677|3861|4000
bsdrcnn,lucas,32,robust,dyn,0.45,0.9009182453155518,0.944018542766571,3.1770293712615967,1.0430667400360107,0.9203556180000305,0.8060271739959717,3.5435993671417236,1.2644202709197998,74.68787002563477,0,94|242|382|513|613|818|861|1019|1131|1256|1355|1545|1662|1773|1922|2025|2164|2281|2376|2550|2576|2719|2924|3069|3268|3411|3470|3523|3635|3689|3826|3994
bsdrcnn,lucas,32,robust,dyn,0.55,0.9013890027999878,0.9471631646156311,3.1846330165863037,1.0315133333206177,0.9190861582756042,0.8157925605773926,3.5156586170196533,1.2539812326431274,91.66053915023804,0,75|304|410|511|595|778|816|1004|1087|1277|1368|1531|1643|1705|1927|2025|2140|2192|2432|2560|2633|2726|2927|3057|3211|3427|3476|3524|3633|3699|3869|3980
bsdrcnn,lucas,32,robust,dyn,0.65,0.8934577703475952,0.9233008027076721,3.0638508796691895,1.0633596181869507,0.9185387492179871,0.8537828922271729,3.5038044452667236,1.1892082691192627,107.17281365394592,0,87|277|403|508|602|795|799|959|1108|1259|1365|1550|1672|1774|1928|2023|2150|2265|2424|2505|2614|2718|2926|3056|3228|3400|3468|3523|3630|3708|3855|4012
bsdrcnn,lucas,32,robust,dyn,0.75,0.8951594233512878,0.9412975311279297,3.088695764541626,1.0949262380599976,0.9202008247375488,0.8319399952888489,3.540088415145874,1.1927989721298218,124.05754828453064,0,96|277|387|501|613|786|828|978|1128|1273|1376|1541|1651|1713|1918|2023|2147|2187|2420|2570|2608|2721|2931|3050|3213|3469|3471|3539|3579|3695|3859|4018
bsdrcnn,lucas,32,robust,dyn,0.85,0.9077157974243164,0.9026713371276855,3.292325973510742,1.1205565929412842,0.9176939725875854,0.8403695225715637,3.4857473373413086,1.1899527311325073,127.66792106628418,0,80|266|387|511|624|778|803|948|1100|1265|1371|1554|1679|1790|1927|2023|2159|2265|2450|2561|2634|2721|2927|3053|3265|3370|3475|3527|3624|3711|3845|3973
bsdrcnn,lucas,32,robust,dyn,0.95,0.8955422043800354,0.9440705180168152,3.0954861640930176,1.1191043853759766,0.9170296788215637,0.8458040356636047,3.471755027770996,1.1777770519256592,143.13877820968628,0,97|274|413|524|624|778|816|978|1131|1294|1385|1551|1675|1790|1938|2023|2138|2194|2419|2574|2608|2722|2925|3053|3219|3397|3470|3534|3627|3693|3859|3993
bsdrcnn,lucas,64,robust,dyn,0.05,0.8035027980804443,1.2989482879638672,2.255964756011963,0.7669039368629456,0.971752941608429,0.5098934173583984,5.952685832977295,2.081420660018921,17.202656269073486,0,62|210|219|269|342|393|448|533|598|680|692|793|829|863|920|978|1057|1078|1194|1240|1305|1336|1427|1553|1571|1709|1786|1845|1846|1946|1998|2023|2144|2146|2177|2224|2353|2399|2424|2644|2649|2654|2703|2759|2825|2967|2975|3057|3120|3126|3231|3422|3463|3502|3531|3540|3674|3679|3736|3896|3908|3940|4022|4087
bsdrcnn,lucas,64,robust,dyn,0.15,0.8757088780403137,1.0302886962890625,2.836557626724243,0.9668829441070557,0.9405657052993774,0.7336589694023132,4.102494239807129,1.3995875120162964,49.28599309921265,0,64|197|251|270|337|384|437|506|591|671|703|801|861|866|940|1001|1054|1092|1187|1260|1341|1384|1425|1551|1562|1625|1688|1828|1867|1926|2021|2028|2149|2175|2230|2361|2412|2522|2600|2640|2656|2705|2780|2807|2971|2982|3062|3120|3144|3236|3249|3385|3461|3540|3665|3676|3730|3904|3906|3958|4002|4064
bsdrcnn,lucas,64,robust,dyn,0.25,0.8735246658325195,1.0501519441604614,2.811967611312866,0.9558915495872498,0.9244242906570435,0.792552649974823,3.637883186340332,1.2472429275512695,82.64489316940308,0,62|207|219|265|331|375|427|511|593|685|731|805|848|863|937|968|1043|1084|1189|1212|1326|1357|1446|1577|1612|1652|1809|1865|1933|2002|2021|2166|2180|2202|2217|2325|2427|2456|2576|2632|2652|2679|2824|2825|2967|2979|3056|3101|3118|3227|3476|3496|3503|3540|3570|3665|3676|3739|3907|3909|3933|4017|4081
bsdrcnn,lucas,64,robust,dyn,0.35,0.8912470936775208,0.9492853283882141,3.032458782196045,1.0413156747817993,0.9264377355575562,0.824049711227417,3.687236785888672,1.2507150173187256,115.19510412216187,0,60|185|222|252|342|378|422|510|608|702|734|807|844|868|932|973|1040|1087|1183|1221|1313|1343|1423|1548|1560|1585|1813|1826|1851|1931|2007|2023|2155|2175|2194|2221|2305|2351|2487|2536|2638|2639|2669|2812|2823|2970|2982|3051|3118|3119|3201|3226|3470|3483|3532|3533|3660|3673|3752|3909|3910|3938|4023|4074
bsdrcnn,lucas,64,robust,dyn,0.45,0.893532395362854,0.9602177143096924,3.0648510456085205,1.0454206466674805,0.9134610295295715,0.8609768748283386,3.399510145187378,1.1570212841033936,111.25998091697693,0,61|170|223|242|321|371|436|518|613|701|736|791|821|841|920|972|1046|1092|1203|1239|1339|1368|1443|1605|1607|1639|1795|1818|1851|1933|1996|2024|2139|2180|2197|2198|2360|2422|2509|2593|2638|2653|2682|2805|2812|2975|2985|3056|3098|3123|3214|3252|3408|3470|3515|3535|3672|3680|3759|3907|3910|3945|4022|4078
bsdrcnn,lucas,64,robust,dyn,0.55,0.8970347046852112,0.9304989576339722,3.1165688037872314,1.0664570331573486,0.9173229336738586,0.8524060249328613,3.477968454360962,1.1866341829299927,135.68886613845825,0,54|205|206|262|331|373|417|516|598|693|721|795|825|847|914|975|1055|1096|1189|1213|1328|1396|1425|1557|1611|1650|1811|1830|1849|1926|2000|2026|2155|2169|2218|2236|2347|2402|2503|2567|2651|2659|2702|2817|2822|2967|2977|3064|3114|3217|3330|3473|3494|3516|3529|3669|3676|3750|3902|3907|3934|4020|4078
bsdrcnn,lucas,64,robust,dyn,0.65,0.8952872157096863,0.9236757755279541,3.090498924255371,1.066038966178894,0.9199694991111755,0.8425638675689697,3.534984827041626,1.200495719909668,160.72754502296448,0,61|201|212|261|328|382|446|528|611|690|725|795|851|852|934|966|1040|1092|1189|1221|1339|1371|1449|1601|1622|1624|1785|1802|1854|1932|2017|2025|2173|2174|2223|2242|2347|2393|2541|2589|2590|2657|2666|2800|2826|2976|2979|3058|3086|3117|3202|3261|3470|3476|3524|3538|3664|3669|3764|3907|3908|3936|4016|4084
bsdrcnn,lucas,64,robust,dyn,0.75,0.8984729647636414,0.9159731864929199,3.1386945247650146,1.1168322563171387,0.9182215332984924,0.845211923122406,3.4969851970672607,1.1740690469741821,185.75636911392212,0,58|187|231|251|331|383|444|523|613|693|738|793|851|857|946|986|1056|1105|1191|1227|1333|1399|1423|1543|1612|1647|1792|1810|1845|1935|1991|2024|2149|2172|2204|2226|2325|2393|2488|2586|2637|2653|2704|2820|2824|2971|2981|3057|3100|3126|3224|3248|3477|3500|3532|3552|3667|3756|3904|3908|3948|4026|4066
bsdrcnn,lucas,64,robust,dyn,0.85,0.9206650257110596,0.8697378039360046,3.5508646965026855,1.1640888452529907,0.9135816097259521,0.8548180460929871,3.4017984867095947,1.1653574705123901,210.72493386268616,0,59|193|219|263|331|375|425|514|608|690|719|799|852|854|934|970|1043|1098|1186|1236|1331|1379|1455|1590|1619|1636|1803|1808|1859|1919|2003|2026|2156|2179|2225|2245|2339|2386|2541|2585|2615|2651|2661|2785|2820|2978|2980|3055|3061|3121|3203|3284|3470|3501|3520|3533|3662|3666|3758|3907|3909|3940|4018|4067
bsdrcnn,lucas,64,robust,dyn,0.95,0.8649142980575562,0.9569476842880249,2.7220401763916016,0.9759238362312317,0.9172982573509216,0.8489119410514832,3.477388620376587,1.1870050430297852,235.8085126876831,0,57|206|224|262|332|384|439|528|612|696|731|807|853|855|950|954|1034|1095|1192|1229|1342|1358|1421|1596|1599|1635|1810|1832|1862|1929|2001|2027|2154|2185|2212|2226|2329|2371|2485|2519|2638|2641|2659|2814|2820|2971|2984|3058|3107|3119|3202|3273|3480|3492|3526|3534|3662|3666|3758|3904|3906|3947|4025|4074
bsdrcnn,lucas,128,robust,dyn,0.05,0.8351342678070068,1.1899232864379883,2.4628913402557373,0.837170422077179,0.9890450835227966,0.31709665060043335,9.558610916137695,3.262357711791992,20.06658387184143,0,39|73|105|126|186|202|229|262|312|342|373|380|395|452|480|508|554|561|584|666|694|723|745|768|781|845|847|888|904|968|1013|1028|1073|1094|1130|1150|1152|1285|1300|1301|1356|1396|1422|1449|1461|1494|1542|1543|1596|1622|1697|1708|1744|1783|1820|1842|1901|1923|1986|2010|2016|2036|2102|2123|2133|2140|2175|2213|2308|2323|2376|2407|2418|2436|2464|2488|2612|2622|2647|2677|2685|2730|2751|2766|2783|2811|2869|2928|2959|2979|2983|3033|3053|3056|3134|3178|3183|3196|3306|3338|3341|3368|3403|3455|3475|3500|3510|3511|3540|3652|3675|3717|3731|3735|3737|3756|3764|3883|3910|3926|3955|4003|4011|4026|4084|4112
bsdrcnn,lucas,128,robust,dyn,0.15,0.8853724002838135,0.9896854758262634,2.953704833984375,1.0026793479919434,0.9504694938659668,0.6687689423561096,4.493969440460205,1.5583044290542603,58.74854397773743,0,29|76|97|132|136|216|260|295|301|345|367|379|417|452|479|498|564|565|597|646|686|728|745|761|765|821|873|888|905|983|1036|1038|1079|1107|1146|1185|1196|1301|1318|1321|1335|1338|1388|1415|1417|1449|1508|1582|1585|1586|1611|1700|1754|1757|1770|1836|1841|1886|1922|2006|2011|2025|2034|2137|2139|2155|2160|2179|2183|2261|2290|2333|2340|2393|2401|2455|2467|2469|2490|2537|2569|2659|2660|2683|2702|2725|2754|2803|2871|2952|2963|2981|2988|3053|3069|3078|3155|3190|3198|3365|3386|3395|3398|3424|3460|3468|3484|3506|3508|3557|3667|3672|3685|3703|3722|3750|3751|3762|3906|3918|3933|3955|3961|4005|4042|4077|4116
bsdrcnn,lucas,128,robust,dyn,0.25,0.89497971534729,0.9401326775550842,3.0858633518218994,1.0636796951293945,0.9479168653488159,0.693067729473114,4.382190704345703,1.4594451189041138,98.21092391014099,0,36|69|97|158|159|186|242|258|308|357|361|384|424|466|472|494|559|571|585|634|714|736|737|771|806|864|867|887|900|968|1004|1024|1027|1098|1136|1147|1160|1229|1257|1276|1310|1333|1394|1421|1441|1473|1496|1569|1575|1592|1620|1767|1770|1775|1786|1852|1871|1904|1923|2001|2009|2025|2034|2098|2105|2121|2148|2164|2173|2269|2277|2289|2375|2388|2421|2439|2499|2519|2569|2611|2651|2654|2655|2678|2680|2697|2806|2819|2900|2925|2967|2982|2987|3049|3058|3060|3150|3171|3178|3199|3285|3357|3385|3397|3450|3471|3483|3489|3494|3497|3570|3667|3673|3701|3708|3729|3737|3749|3767|3853|3906|3930|3947|3973|4012|4030|4078|4121
bsdrcnn,lucas,128,robust,dyn,0.35,0.8955374956130981,0.9493572115898132,3.0941054821014404,1.0573800802230835,0.9387493133544922,0.7257312536239624,4.040851593017578,1.3620823621749878,137.62080717086792,0,34|61|143|155|161|184|225|275|310|354|380|381|426|446|454|502|549|556|595|648|712|717|741|754|768|835|848|892|902|956|984|1018|1044|1102|1109|1136|1192|1246|1325|1343|1351|1381|1390|1403|1417|1419|1533|1562|1568|1594|1611|1632|1758|1772|1774|1841|1848|1920|1931|1950|1998|2024|2029|2097|2118|2143|2149|2155|2197|2204|2276|2331|2333|2349|2393|2414|2485|2486|2495|2520|2658|2661|2674|2700|2716|2726|2790|2801|2852|2955|2966|2975|2985|3058|3082|3111|3122|3155|3192|3200|3314|3379|3413|3415|3434|3468|3470|3472|3515|3564|3657|3667|3708|3726|3728|3760|3774|3875|3908|3929|3951|3988|4007|4036|4076|4118
bsdrcnn,lucas,128,robust,dyn,0.45,0.902157187461853,0.9144278764724731,3.1970810890197754,1.1061497926712036,0.9320815801620483,0.7689334154129028,3.8373234272003174,1.2855544090270996,173.69977712631226,0,41|80|95|169|194|231|253|288|323|348|367|388|411|472|488|504|545|585|593|644|716|724|760|764|789|859|862|882|902|969|998|1023|1059|1121|1130|1131|1155|1243|1306|1327|1336|1380|1383|1406|1420|1462|1476|1519|1580|1582|1628|1685|1722|1794|1803|1852|1853|1912|1926|1999|2008|2024|2033|2096|2127|2143|2160|2186|2218|2242|2286|2296|2335|2410|2436|2444|2455|2463|2513|2538|2569|2649|2650|2654|2686|2690|2729|2836|2916|2959|2968|2986|3048|3055|3063|3136|3179|3194|3207|3348|3381|3416|3447|3479|3498|3499|3509|3517|3568|3652|3683|3708|3713|3732|3740|3761|3775|3857|3905|3925|3949|3971|4010|4040|4063|4111
bsdrcnn,lucas,128,robust,dyn,0.55,0.9001527428627014,0.9068634510040283,3.1648571491241455,1.090027093887329,0.9347487688064575,0.7632864713668823,3.9149279594421387,1.3251829147338867,216.97846102714539,0,33|58|112|154|171|237|242|270|308|343|366|380|403|444|497|503|553|574|587|642|685|721|745|765|821|838|851|887|917|962|1000|1047|1050|1125|1141|1173|1183|1267|1335|1352|1382|1395|1408|1415|1418|1478|1487|1521|1570|1581|1660|1702|1754|1766|1783|1838|1849|1906|1927|2000|2013|2021|2026|2098|2099|2138|2142|2146|2186|2266|2276|2282|2346|2372|2393|2463|2470|2499|2617|2624|2653|2654|2658|2662|2672|2677|2740|2820|2882|2934|2963|2979|2987|3051|3059|3150|3162|3177|3199|3408|3415|3419|3421|3471|3486|3494|3508|3515|3575|3656|3670|3705|3711|3726|3727|3754|3767|3877|3922|3927|3953|3965|4009|4045|4064|4113
bsdrcnn,lucas,128,robust,dyn,0.65,0.9020344018936157,0.901474118232727,3.1951537132263184,1.1220446825027466,0.9314358830451965,0.7763835787773132,3.8191518783569336,1.2818543910980225,257.02452969551086,0,32|77|111|112|150|226|241|284|304|349|362|386|409|462|494|510|554|566|594|640|707|721|763|774|776|837|863|888|897|975|985|1019|1066|1124|1130|1145|1197|1268|1328|1350|1373|1409|1418|1420|1422|1423|1529|1582|1583|1595|1610|1688|1742|1774|1780|1840|1851|1910|1914|1998|2010|2025|2028|2103|2115|2137|2145|2183|2234|2261|2269|2277|2380|2385|2422|2449|2482|2485|2570|2571|2647|2652|2654|2704|2710|2728|2827|2881|2932|2963|2982|2989|3048|3052|3063|3128|3173|3206|3274|3379|3396|3421|3430|3442|3470|3493|3496|3505|3525|3576|3666|3669|3706|3713|3735|3736|3755|3766|3882|3909|3928|3953|3961|4004|4039|4063|4105
bsdrcnn,lucas,128,robust,dyn,0.75,0.9051039218902588,0.8738585114479065,3.2465028762817383,1.1476383209228516,0.9285503029823303,0.7932677865028381,3.7412190437316895,1.2606083154678345,296.8291962146759,0,39|59|120|150|165|219|237|288|309|349|358|378|404|452|483|502|559|563|595|635|687|725|751|770|816|849|853|881|910|964|1026|1060|1121|1142|1148|1177|1235|1311|1320|1332|1340|1395|1406|1432|1462|1499|1523|1571|1584|1618|1694|1765|1790|1795|1842|1849|1911|1939|1996|2008|2024|2027|2108|2115|2144|2154|2178|2230|2274|2292|2294|2353|2394|2403|2474|2476|2521|2564|2568|2643|2651|2652|2654|2668|2677|2739|2820|2913|2929|2970|2984|2987|3046|3052|3153|3187|3188|3204|3390|3392|3394|3423|3479|3485|3491|3495|3497|3509|3580|3657|3669|3708|3711|3731|3733|3754|3764|3872|3912|3925|3950|3961|4013|4044|4066|4113
bsdrcnn,lucas,128,robust,dyn,0.85,0.9021642804145813,0.8911634683609009,3.1975526809692383,1.1049312353134155,0.9303646087646484,0.7786086797714233,3.7896296977996826,1.2929538488388062,329.93099904060364,0,44|94|134|145|157|232|241|291|316|351|360|384|396|459|493|504|583|607|641|695|737|738|744|806|831|854|866|920|954|967|1032|1059|1089|1114|1155|1202|1308|1319|1321|1324|1365|1408|1410|1427|1473|1501|1541|1583|1592|1613|1685|1725|1772|1802|1844|1845|1909|1932|1999|2010|2024|2029|2104|2107|2141|2156|2162|2219|2277|2289|2290|2351|2411|2414|2461|2474|2501|2585|2628|2645|2652|2654|2655|2660|2665|2737|2823|2889|2932|2966|2985|2987|3042|3046|3050|3140|3141|3181|3203|3375|3378|3421|3429|3439|3470|3485|3487|3496|3523|3569|3653|3676|3702|3717|3736|3741|3760|3771|3871|3907|3924|3947|3969|4011|4043|4066|4114
bsdrcnn,lucas,128,robust,dyn,0.95,0.9124303460121155,0.8191307783126831,3.3808231353759766,1.1447981595993042,0.9262047410011292,0.7997636198997498,3.681258201599121,1.2599507570266724,375.9770300388336,0,32|105|157|171|189|234|250|298|312|345|365|378|413|467|474|505|574|584|585|641|703|735|740|744|800|841|846|890|911|942|992|1013|1043|1125|1138|1152|1158|1273|1291|1306|1394|1399|1404|1405|1412|1424|1542|1553|1573|1581|1614|1717|1771|1779|1782|1836|1848|1909|1935|2001|2011|2024|2029|2100|2108|2146|2149|2180|2236|2257|2282|2290|2386|2392|2452|2468|2482|2499|2562|2583|2625|2640|2655|2657|2662|2663|2803|2823|2916|2928|2970|2986|3042|3050|3054|3150|3168|3185|3204|3366|3377|3395|3417|3421|3479|3483|3484|3490|3523|3570|3656|3664|3709|3723|3733|3738|3754|3765|3875|3918|3924|3945|3957|4017|4044|4065|4114
bsdrcnn,lucas,256,robust,dyn,0.05,0.825980544090271,1.228391170501709,2.397240400314331,0.8171919584274292,0.9797045588493347,0.39271217584609985,7.022639274597168,2.3902933597564697,39.186880588531494,0,25|29|52|60|65|115|119|163|174|181|195|207|224|225|255|283|287|327|332|351|354|390|391|410|434|436|443|466|474|484|495|533|539|560|573|588|608|618|619|648|665|673|690|706|722|759|769|787|801|825|827|857|873|888|895|918|958|968|983|990|999|1020|1033|1063|1065|1125|1129|1135|1145|1186|1191|1192|1195|1204|1217|1255|1273|1275|1285|1318|1325|1337|1369|1382|1408|1410|1432|1434|1472|1488|1510|1511|1568|1590|1604|1609|1630|1664|1668|1674|1684|1692|1722|1725|1733|1766|1772|1785|1786|1788|1791|1814|1831|1956|1965|1969|2007|2016|2024|2026|2031|2032|2067|2107|2133|2140|2162|2168|2178|2185|2196|2201|2222|2257|2267|2281|2317|2332|2335|2356|2381|2384|2396|2397|2402|2436|2439|2462|2474|2478|2498|2500|2545|2546|2601|2606|2652|2656|2657|2663|2674|2693|2711|2719|2770|2775|2781|2802|2820|2848|2858|2881|2907|2912|2924|2925|2962|2976|2984|2986|3041|3045|3046|3048|3051|3117|3124|3137|3149|3151|3166|3200|3207|3208|3214|3235|3241|3257|3331|3337|3396|3403|3406|3415|3467|3481|3493|3496|3497|3503|3505|3506|3507|3512|3533|3675|3681|3690|3702|3716|3724|3726|3727|3759|3761|3766|3767|3775|3895|3896|3905|3909|3910|3924|3929|3933|3937|3975|4000|4001|4049|4053|4055|4084|4102|4111|4132
bsdrcnn,lucas,256,robust,dyn,0.15,0.8768576383590698,1.0341157913208008,2.8497581481933594,0.9744196534156799,0.9380049705505371,0.7146804332733154,4.016872406005859,1.364380121231079,115.33805751800537,0,25|60|70|82|92|106|130|140|154|159|161|204|212|249|254|280|282|301|316|321|327|353|369|396|399|410|468|473|481|501|517|544|574|577|584|616|627|629|648|659|676|686|696|710|749|770|777|781|795|808|820|826|852|873|899|916|931|934|967|978|1004|1017|1028|1057|1085|1087|1097|1112|1134|1144|1149|1175|1184|1190|1209|1223|1232|1299|1312|1315|1352|1358|1361|1385|1394|1412|1413|1417|1431|1452|1471|1480|1529|1569|1577|1582|1606|1628|1632|1649|1675|1698|1700|1737|1740|1750|1763|1772|1782|1789|1798|1806|1829|1849|1851|1930|1951|1959|1973|1984|2006|2007|2013|2023|2064|2065|2099|2113|2133|2140|2145|2160|2165|2188|2193|2210|2260|2271|2282|2284|2287|2298|2325|2328|2357|2373|2401|2406|2418|2470|2487|2536|2549|2566|2590|2596|2599|2640|2644|2647|2656|2657|2658|2670|2705|2722|2727|2760|2761|2764|2772|2846|2853|2905|2917|2922|2924|2930|2967|2976|2989|2995|3038|3047|3051|3059|3060|3061|3103|3131|3150|3153|3158|3184|3186|3213|3220|3222|3249|3270|3282|3291|3301|3351|3356|3414|3428|3455|3457|3469|3471|3495|3511|3513|3524|3532|3534|3536|3542|3555|3670|3675|3687|3714|3724|3725|3729|3739|3758|3760|3769|3772|3776|3789|3863|3901|3903|3912|3923|3926|3939|3952|3990|3999|4000|4034|4041|4045|4074|4090|4093|4106
bsdrcnn,lucas,256,robust,dyn,0.25,0.9006437659263611,0.9347009658813477,3.172602891921997,1.0575635433197021,0.9207446575164795,0.8008018136024475,3.5524306297302246,1.3061621189117432,193.0321547985077,0,29|34|67|75|78|105|114|130|163|164|187|196|206|244|262|273|286|296|310|322|336|361|384|396|402|410|421|463|470|476|495|501|525|565|580|585|625|629|652|657|670|686|703|705|759|762|768|784|807|813|819|823|836|862|890|903|917|929|961|971|987|1006|1022|1046|1073|1094|1103|1114|1132|1139|1167|1188|1193|1204|1210|1221|1277|1292|1301|1308|1328|1351|1355|1365|1379|1388|1404|1414|1415|1470|1478|1504|1524|1561|1566|1587|1618|1642|1649|1677|1682|1709|1726|1742|1743|1760|1768|1790|1794|1797|1805|1815|1824|1851|1941|1945|1947|1970|2005|2010|2017|2029|2055|2076|2085|2127|2140|2142|2156|2165|2169|2173|2194|2195|2206|2227|2245|2266|2278|2306|2310|2319|2328|2341|2380|2403|2422|2468|2473|2478|2508|2527|2538|2544|2610|2643|2653|2655|2659|2666|2667|2702|2711|2785|2794|2795|2801|2850|2869|2871|2920|2924|2927|2928|2931|2965|2977|2979|2996|3038|3049|3051|3052|3056|3057|3086|3126|3150|3167|3169|3188|3199|3218|3219|3227|3231|3241|3263|3277|3280|3368|3388|3390|3413|3418|3441|3457|3478|3485|3492|3509|3512|3520|3523|3524|3540|3657|3663|3677|3706|3712|3723|3733|3736|3759|3761|3768|3770|3778|3790|3875|3891|3901|3902|3907|3923|3928|3936|3938|3981|3999|4000|4044|4059|4062|4080|4099|4100|4107
bsdrcnn,lucas,256,robust,dyn,0.35,0.8976194858551025,0.9431819319725037,3.1254076957702637,1.0703963041305542,0.9282655119895935,0.7801716327667236,3.7339158058166504,1.2572141885757446,270.51462745666504,0,21|63|68|77|79|115|118|146|158|179|183|207|219|257|264|279|289|299|324|332|341|362|379|397|400|416|424|480|489|491|516|517|543|554|574|576|621|623|630|647|656|676|683|699|701|745|758|762|769|804|806|821|822|837|869|895|897|918|935|961|970|988|1011|1032|1040|1085|1089|1097|1098|1102|1127|1168|1171|1187|1199|1221|1245|1265|1298|1312|1336|1343|1344|1369|1380|1384|1392|1419|1427|1448|1462|1480|1481|1533|1560|1568|1592|1594|1615|1652|1660|1662|1663|1687|1705|1714|1720|1726|1738|1742|1752|1774|1780|1820|1847|1890|1944|1946|1960|1973|1996|2010|2015|2021|2026|2041|2080|2105|2120|2145|2147|2148|2157|2158|2173|2183|2193|2225|2234|2238|2286|2305|2309|2342|2352|2371|2387|2393|2395|2433|2446|2468|2470|2485|2530|2536|2540|2605|2618|2633|2643|2655|2661|2664|2668|2675|2686|2765|2821|2837|2843|2921|2922|2923|2925|2963|2968|2987|2994|3033|3045|3049|3051|3052|3086|3088|3127|3157|3164|3170|3173|3180|3210|3213|3214|3221|3230|3251|3261|3273|3328|3338|3347|3376|3379|3412|3468|3476|3492|3495|3513|3520|3525|3529|3534|3538|3543|3667|3679|3689|3715|3720|3728|3736|3737|3756|3765|3770|3790|3876|3897|3904|3908|3922|3926|3929|3932|3945|3991|4000|4001|4049|4052|4077|4096|4106|4118
bsdrcnn,lucas,256,robust,dyn,0.45,0.8998023271560669,0.9227545261383057,3.1592888832092285,1.0712553262710571,0.9281103014945984,0.7937362194061279,3.7298288345336914,1.279172658920288,348.14713072776794,0,21|51|76|77|86|104|108|178|179|188|203|210|216|250|255|282|291|293|312|332|337|349|379|405|406|410|413|478|489|492|512|531|537|565|566|590|618|623|624|644|655|667|684|699|705|749|761|771|786|807|817|829|831|833|858|899|908|914|931|967|971|998|1006|1016|1050|1076|1092|1096|1116|1120|1138|1158|1166|1172|1198|1216|1256|1261|1295|1318|1330|1344|1345|1370|1383|1394|1405|1409|1413|1440|1444|1461|1467|1529|1553|1563|1576|1611|1633|1635|1642|1659|1672|1705|1711|1714|1726|1743|1750|1755|1770|1784|1799|1840|1843|1874|1945|1969|1976|1978|1993|2020|2022|2024|2059|2080|2089|2090|2120|2121|2146|2171|2172|2203|2209|2216|2247|2253|2278|2292|2324|2330|2358|2359|2363|2373|2390|2415|2416|2442|2447|2450|2521|2522|2535|2589|2602|2607|2615|2620|2626|2644|2654|2661|2674|2710|2725|2770|2775|2810|2814|2819|2828|2920|2921|2923|2924|2961|2971|2987|2996|3040|3044|3047|3056|3063|3074|3130|3150|3165|3175|3178|3185|3208|3216|3221|3234|3246|3248|3264|3280|3342|3382|3389|3424|3430|3440|3443|3483|3496|3498|3508|3524|3525|3533|3537|3543|3547|3655|3672|3688|3716|3725|3726|3735|3741|3758|3761|3767|3778|3779|3871|3890|3893|3906|3925|3928|3929|3937|3944|3997|3998|3999|4038|4047|4049|4078|4100|4110|4117
bsdrcnn,lucas,256,robust,dyn,0.55,0.9055732488632202,0.9150042533874512,3.254427433013916,1.0918443202972412,0.9208170175552368,0.816246509552002,3.55387544631958,1.229814052581787,425.3198149204254,0,28|57|73|80|85|98|109|188|195|212|214|222|249|263|281|292|296|326|340|348|354|373|401|402|404|473|479|482|494|521|548|563|575|583|605|630|631|654|659|675|678|708|714|745|766|769|776|816|817|821|824|828|855|900|904|906|949|964|968|984|1017|1037|1091|1092|1099|1108|1117|1122|1163|1179|1193|1204|1249|1250|1258|1283|1328|1338|1349|1359|1381|1388|1406|1417|1419|1457|1463|1479|1485|1541|1578|1596|1629|1646|1653|1657|1666|1688|1721|1745|1751|1757|1766|1770|1788|1795|1805|1808|1816|1835|1852|1944|1945|1966|1974|2007|2012|2017|2021|2025|2050|2079|2087|2094|2101|2116|2144|2152|2155|2186|2190|2206|2215|2222|2251|2277|2334|2335|2354|2369|2371|2377|2402|2410|2428|2432|2445|2477|2490|2503|2572|2603|2618|2620|2647|2649|2654|2655|2661|2692|2713|2736|2755|2769|2775|2810|2816|2817|2825|2897|2919|2922|2925|2928|2961|2966|2985|2993|3045|3047|3049|3056|3058|3059|3076|3115|3148|3156|3171|3178|3181|3201|3234|3240|3242|3250|3261|3269|3286|3340|3350|3362|3401|3406|3420|3422|3482|3485|3503|3514|3516|3524|3527|3535|3551|3659|3677|3679|3714|3719|3729|3735|3736|3753|3762|3765|3776|3785|3885|3899|3906|3907|3923|3927|3929|3930|3947|3996|3998|4000|4035|4043|4045|4078|4099|4108|4111
bsdrcnn,lucas,256,robust,dyn,0.65,0.908003568649292,0.884575605392456,3.297182321548462,1.1174914836883545,0.9248701333999634,0.8074625730514526,3.648455858230591,1.2526824474334717,503.984637260437,0,22|80|82|94|97|108|126|171|180|189|202|214|224|238|256|279|291|293|327|329|338|350|380|392|394|403|407|446|456|485|501|513|552|554|567|587|609|613|625|640|665|667|677|711|721|743|766|776|787|813|814|819|822|857|903|905|911|947|973|974|990|1011|1016|1045|1063|1087|1091|1107|1109|1110|1152|1166|1175|1205|1210|1236|1277|1284|1289|1320|1327|1355|1382|1383|1390|1408|1409|1446|1447|1455|1479|1482|1531|1561|1593|1597|1598|1626|1642|1647|1656|1665|1702|1723|1725|1752|1754|1767|1782|1786|1789|1804|1813|1833|1852|1943|1945|1978|1980|1991|2008|2019|2020|2025|2054|2089|2090|2096|2123|2126|2142|2151|2168|2183|2187|2209|2226|2253|2271|2285|2339|2347|2369|2379|2383|2392|2398|2404|2428|2437|2453|2472|2529|2532|2541|2579|2621|2633|2636|2639|2652|2654|2655|2661|2673|2678|2705|2750|2764|2772|2773|2803|2820|2920|2921|2924|2925|2956|2966|2986|2994|3039|3044|3050|3055|3058|3062|3090|3122|3146|3165|3178|3179|3182|3204|3224|3227|3228|3254|3282|3284|3325|3330|3381|3401|3420|3457|3471|3482|3494|3521|3524|3528|3531|3534|3551|3670|3683|3684|3718|3723|3734|3738|3758|3766|3769|3771|3772|3790|3872|3899|3902|3904|3923|3931|3934|3939|3995|4000|4001|4017|4022|4048|4074|4092|4096|4104
bsdrcnn,lucas,256,robust,dyn,0.75,0.9035265445709229,0.8519250154495239,3.219852924346924,1.1423306465148926,0.9170478582382202,0.8631057143211365,3.472158193588257,1.1719238758087158,1086.0570139884949,0,21|72|76|77|79|111|165|175|182|194|204|226|246|263|281|287|292|316|326|343|353|369|391|401|403|407|461|469|479|500|527|540|558|576|620|622|627|645|646|672|691|699|700|751|764|765|775|789|801|815|821|829|849|881|903|915|927|967|975|997|1001|1038|1047|1100|1102|1104|1105|1113|1145|1167|1175|1197|1198|1224|1235|1249|1287|1319|1333|1342|1368|1381|1386|1387|1402|1409|1426|1427|1444|1456|1477|1534|1563|1570|1585|1595|1624|1657|1661|1666|1675|1700|1702|1711|1722|1742|1773|1784|1796|1802|1822|1831|1870|1940|1945|1963|1975|1984|2005|2023|2024|2027|2050|2082|2089|2093|2123|2126|2132|2137|2145|2156|2192|2220|2235|2252|2318|2333|2339|2358|2375|2380|2401|2406|2413|2420|2465|2477|2484|2507|2508|2515|2538|2622|2627|2632|2654|2655|2656|2658|2667|2668|2678|2679|2716|2755|2763|2775|2776|2799|2843|2900|2915|2920|2924|2930|2961|2976|2987|2995|3041|3048|3058|3060|3064|3070|3076|3126|3151|3174|3177|3179|3206|3208|3220|3233|3236|3255|3257|3269|3276|3292|3349|3363|3365|3431|3439|3442|3483|3484|3496|3501|3514|3518|3523|3528|3537|3549|3653|3677|3686|3716|3724|3727|3732|3735|3754|3764|3769|3773|3780|3877|3898|3903|3904|3924|3927|3928|3930|3946|3998|4002|4044|4048|4049|4079|4101|4113|4114
bsdrcnn,lucas,256,robust,dyn,0.85,0.8935722708702087,0.9062553644180298,3.0657668113708496,1.006203532218933,0.915217936038971,0.8625047206878662,3.4344701766967773,1.1860672235488892,1235.9821121692657,0,22|58|67|72|74|96|114|173|190|196|200|202|210|249|257|281|285|298|324|327|341|356|371|399|400|401|417|475|476|490|516|524|544|567|570|573|610|616|630|645|658|679|681|698|703|756|770|773|778|790|820|822|836|840|870|890|907|935|947|967|979|989|1006|1017|1051|1059|1095|1100|1105|1121|1136|1156|1175|1185|1186|1227|1235|1245|1306|1326|1336|1338|1358|1362|1376|1381|1402|1409|1423|1426|1450|1472|1484|1536|1560|1574|1591|1605|1618|1623|1639|1671|1675|1709|1716|1741|1744|1752|1761|1769|1780|1806|1817|1835|1867|1942|1943|1975|1981|2001|2010|2011|2021|2023|2041|2068|2105|2114|2128|2137|2138|2151|2163|2173|2190|2203|2235|2258|2262|2265|2345|2351|2368|2372|2389|2400|2402|2415|2416|2482|2483|2488|2500|2513|2524|2563|2589|2649|2653|2655|2660|2672|2676|2706|2708|2736|2766|2786|2811|2813|2838|2841|2915|2919|2920|2921|2927|2951|2968|2985|2997|3047|3050|3052|3055|3057|3060|3075|3132|3140|3163|3178|3183|3194|3195|3214|3223|3229|3230|3242|3270|3300|3349|3374|3376|3382|3426|3437|3445|3479|3486|3497|3503|3516|3518|3522|3530|3534|3538|3668|3669|3671|3704|3716|3725|3731|3733|3756|3760|3763|3770|3772|3783|3883|3891|3899|3906|3924|3925|3931|3938|3945|3994|3997|4000|4047|4050|4078|4100|4110|4115
bsdrcnn,lucas,256,robust,dyn,0.95,0.9009819626808167,0.8926101326942444,3.179377794265747,1.0698745250701904,0.91973876953125,0.8331162333488464,3.529860734939575,1.2049115896224976,948.1213896274567,0,24|63|65|71|76|104|110|176|190|197|202|208|221|258|259|283|286|300|318|326|341|354|372|396|398|399|405|464|478|479|506|522|540|557|571|584|614|620|628|643|656|676|686|704|713|747|767|770|775|808|811|814|815|835|862|892|911|927|941|967|970|1001|1025|1027|1046|1094|1098|1100|1107|1108|1128|1158|1180|1188|1199|1219|1237|1250|1294|1335|1339|1342|1347|1371|1379|1395|1420|1421|1429|1447|1457|1488|1491|1537|1563|1570|1591|1598|1641|1642|1656|1667|1669|1706|1717|1727|1742|1746|1753|1772|1779|1783|1800|1827|1828|1865|1942|1944|1981|1985|2005|2010|2020|2021|2025|2057|2068|2093|2122|2123|2132|2140|2151|2160|2178|2187|2202|2226|2237|2243|2290|2332|2337|2352|2359|2367|2371|2377|2394|2428|2438|2472|2485|2490|2515|2537|2556|2572|2582|2627|2645|2652|2654|2655|2674|2688|2689|2705|2741|2761|2775|2783|2802|2831|2846|2918|2921|2922|2928|2956|2966|2983|2997|3044|3046|3048|3057|3059|3063|3075|3126|3145|3157|3175|3180|3181|3204|3218|3222|3233|3243|3257|3274|3276|3340|3355|3383|3386|3409|3452|3471|3479|3490|3493|3516|3521|3524|3528|3530|3546|3667|3674|3680|3710|3721|3722|3732|3738|3754|3766|3768|3770|3771|3779|3879|3899|3900|3903|3922|3926|3927|3933|3947|3990|3997|4001|4038|4040|4048|4078|4098|4104|4109
bsdrcnn,lucas,512,robust,dyn,0.05,0.8080164194107056,1.2847790718078613,2.282330274581909,0.778343915939331,0.9994231462478638,0.07203598320484161,41.65596008300781,13.562826156616211,84.71026158332825,0,16|24|42|46|51|58|82|91|95|103|106|118|140|141|159|164|165|173|174|201|208|219|223|232|238|248|250|272|278|285|297|305|309|313|326|338|346|348|358|366|376|382|383|407|412|414|428|430|450|456|459|461|464|493|499|506|508|511|529|536|538|557|562|569|578|589|594|596|606|617|638|644|649|665|667|673|674|690|701|718|724|729|745|752|753|764|774|779|783|786|791|796|817|826|846|848|850|860|870|877|891|898|906|925|931|942|950|953|990|991|994|1003|1011|1018|1030|1044|1045|1059|1068|1069|1074|1108|1119|1121|1123|1131|1137|1153|1163|1168|1190|1191|1192|1204|1207|1211|1250|1267|1271|1281|1289|1291|1294|1301|1311|1318|1329|1331|1346|1347|1361|1362|1379|1382|1420|1423|1431|1447|1452|1464|1465|1466|1471|1474|1480|1491|1511|1512|1514|1527|1553|1555|1559|1566|1572|1578|1580|1587|1598|1599|1604|1641|1644|1654|1659|1667|1668|1669|1672|1677|1689|1693|1697|1708|1711|1731|1763|1765|1768|1773|1782|1806|1813|1816|1823|1828|1834|1837|1843|1886|1891|1894|1912|1918|1924|1927|1950|1977|1981|1982|1994|1996|2000|2005|2017|2024|2033|2037|2052|2064|2069|2071|2075|2078|2094|2097|2106|2107|2112|2114|2129|2140|2146|2148|2151|2155|2168|2191|2195|2196|2202|2228|2241|2246|2252|2260|2264|2277|2278|2315|2318|2322|2345|2350|2363|2369|2378|2381|2383|2391|2402|2404|2406|2408|2409|2416|2422|2430|2433|2436|2449|2462|2466|2478|2481|2522|2526|2535|2537|2549|2557|2569|2571|2576|2610|2615|2624|2626|2632|2644|2654|2665|2666|2667|2677|2680|2689|2693|2694|2714|2733|2735|2752|2755|2757|2760|2785|2817|2823|2825|2830|2832|2836|2842|2849|2856|2863|2900|2911|2915|2917|2921|2924|2927|2954|2970|2971|2974|2988|2989|2990|3003|3031|3038|3039|3042|3049|3053|3075|3085|3091|3093|3096|3113|3135|3141|3144|3162|3170|3176|3179|3182|3201|3202|3214|3229|3231|3234|3238|3239|3255|3258|3268|3276|3278|3295|3306|3308|3326|3341|3342|3346|3355|3357|3375|3378|3380|3395|3407|3415|3426|3430|3431|3446|3449|3466|3467|3494|3510|3518|3528|3534|3543|3549|3555|3563|3569|3574|3576|3577|3595|3630|3633|3634|3641|3642|3647|3656|3664|3681|3684|3694|3699|3716|3721|3731|3732|3746|3751|3754|3756|3760|3765|3782|3788|3790|3791|3826|3846|3853|3861|3870|3878|3888|3889|3897|3903|3926|3928|3933|3937|3939|3944|3950|3951|3952|3954|3968|3971|3974|3976|4015|4017|4048|4057|4060|4077|4090|4092|4105|4113|4119
bsdrcnn,lucas,512,robust,dyn,0.15,0.8500857949256897,1.1291931867599487,2.5827975273132324,0.8720158338546753,0.9795217514038086,0.435221403837204,6.989079475402832,2.4825520515441895,255.82363080978394,0,14|23|37|42|56|62|75|76|82|91|102|113|117|136|137|138|140|145|168|174|175|184|210|211|216|219|227|235|250|251|266|291|299|302|305|324|326|337|340|353|358|364|368|373|381|394|396|400|405|416|420|440|447|454|468|480|495|515|516|526|530|545|557|562|571|572|579|589|595|602|617|621|623|641|646|665|672|680|686|687|698|708|720|731|735|737|740|760|783|784|785|786|792|813|821|828|830|834|851|852|857|870|889|890|892|908|910|922|924|940|941|954|956|966|971|980|992|995|1022|1023|1033|1037|1040|1041|1059|1060|1077|1078|1107|1108|1110|1115|1117|1131|1135|1171|1176|1186|1190|1196|1198|1202|1219|1225|1243|1251|1257|1270|1273|1279|1280|1285|1293|1307|1329|1333|1343|1355|1374|1378|1382|1389|1394|1415|1416|1418|1420|1442|1456|1461|1462|1469|1481|1486|1488|1508|1515|1517|1550|1554|1557|1568|1575|1582|1593|1605|1606|1607|1621|1628|1640|1655|1659|1670|1677|1681|1697|1712|1728|1729|1730|1740|1741|1743|1757|1769|1771|1778|1779|1783|1818|1819|1821|1829|1830|1842|1850|1860|1888|1893|1900|1901|1906|1914|1928|1951|1963|1972|1983|1990|2007|2014|2015|2018|2023|2035|2038|2045|2047|2056|2069|2075|2081|2085|2094|2100|2104|2113|2124|2136|2149|2157|2160|2187|2189|2218|2219|2223|2226|2236|2243|2247|2250|2259|2277|2279|2283|2291|2302|2331|2337|2339|2340|2349|2362|2381|2384|2389|2393|2394|2398|2413|2420|2432|2447|2449|2457|2460|2474|2479|2486|2491|2496|2516|2517|2521|2522|2527|2543|2561|2572|2599|2606|2611|2612|2615|2628|2630|2647|2654|2662|2663|2668|2677|2679|2691|2692|2715|2726|2736|2747|2762|2763|2776|2782|2784|2796|2804|2813|2821|2826|2840|2842|2847|2851|2859|2861|2887|2896|2900|2910|2917|2926|2927|2948|2966|2975|2978|2981|2985|2987|2998|2999|3000|3002|3029|3036|3044|3045|3048|3064|3065|3106|3110|3115|3119|3125|3132|3139|3143|3150|3167|3168|3175|3178|3182|3198|3219|3220|3221|3234|3239|3252|3253|3261|3264|3270|3272|3292|3302|3304|3311|3317|3333|3345|3353|3362|3365|3378|3384|3403|3406|3408|3428|3430|3465|3468|3472|3480|3483|3493|3513|3521|3530|3537|3541|3544|3547|3553|3559|3569|3583|3589|3632|3645|3646|3651|3655|3656|3660|3673|3679|3683|3712|3716|3729|3735|3737|3741|3755|3759|3762|3764|3773|3780|3781|3792|3814|3863|3867|3879|3892|3895|3901|3902|3905|3925|3928|3929|3933|3934|3935|3940|3945|3946|3953|3956|3965|3968|3992|3993|4035|4040|4046|4060|4068|4080|4089|4092|4109|4121|4127
bsdrcnn,lucas,512,robust,dyn,0.25,0.8786511421203613,1.0290592908859253,2.8707504272460938,0.9680381417274475,0.9617729187011719,0.5629898309707642,5.115100860595703,1.8306748867034912,431.7120785713196,0,15|22|47|48|52|55|62|71|81|82|85|92|115|117|122|131|152|187|202|203|204|212|219|221|235|236|241|243|261|288|293|302|304|316|318|334|340|355|369|370|373|378|388|407|409|410|413|427|455|456|467|480|485|496|505|506|516|522|532|533|538|547|552|581|582|583|587|590|591|620|623|637|653|657|665|677|680|690|707|718|722|723|729|734|749|760|776|777|786|797|804|816|819|834|850|871|874|877|887|892|894|899|910|916|923|931|949|950|954|966|967|983|985|988|994|995|996|1000|1029|1035|1050|1051|1064|1068|1101|1102|1114|1123|1126|1135|1140|1142|1153|1167|1177|1190|1192|1195|1197|1206|1227|1239|1249|1250|1268|1270|1276|1286|1288|1294|1310|1314|1319|1339|1345|1351|1356|1367|1370|1375|1380|1382|1402|1408|1421|1426|1454|1461|1462|1466|1469|1482|1493|1497|1499|1507|1509|1516|1525|1550|1560|1568|1577|1578|1583|1584|1593|1597|1624|1629|1631|1644|1675|1677|1679|1681|1682|1704|1706|1717|1727|1739|1758|1774|1777|1781|1783|1786|1787|1795|1824|1827|1831|1837|1840|1860|1876|1886|1893|1897|1914|1919|1933|1951|1955|1962|1963|1979|1990|1991|2009|2015|2020|2024|2025|2028|2056|2062|2065|2077|2085|2088|2090|2091|2099|2101|2119|2124|2139|2149|2151|2163|2173|2184|2203|2213|2226|2233|2235|2247|2255|2262|2264|2266|2271|2273|2278|2295|2302|2304|2311|2317|2333|2355|2358|2379|2385|2398|2399|2404|2406|2410|2411|2424|2428|2432|2438|2440|2461|2465|2469|2473|2478|2481|2485|2499|2514|2533|2538|2541|2558|2580|2605|2614|2634|2637|2641|2648|2652|2657|2659|2660|2662|2677|2681|2690|2693|2697|2706|2720|2731|2754|2774|2794|2812|2815|2826|2828|2843|2844|2845|2848|2855|2862|2881|2893|2903|2909|2913|2916|2923|2936|2956|2969|2970|2974|2979|2985|2995|2996|3001|3007|3038|3042|3045|3055|3060|3065|3089|3093|3094|3105|3118|3125|3148|3155|3157|3167|3168|3171|3179|3185|3210|3217|3219|3223|3225|3245|3250|3252|3258|3261|3278|3280|3281|3304|3315|3318|3320|3332|3361|3367|3368|3373|3378|3379|3399|3416|3423|3430|3432|3442|3449|3462|3478|3500|3504|3508|3529|3535|3536|3537|3546|3548|3551|3556|3565|3574|3578|3580|3633|3637|3639|3643|3644|3650|3656|3667|3684|3687|3696|3705|3716|3722|3727|3736|3743|3748|3756|3763|3764|3771|3775|3778|3780|3786|3799|3820|3856|3874|3877|3881|3889|3896|3897|3901|3903|3921|3925|3927|3930|3934|3936|3937|3941|3946|3955|3957|3959|3961|3962|3965|3977|3991|4029|4038|4061|4062|4065|4083|4087|4100|4112|4116
bsdrcnn,lucas,512,robust,dyn,0.35,0.8881497979164124,0.9728657603263855,2.9901771545410156,1.0278910398483276,0.9714890718460083,0.5039318799972534,5.922741889953613,1.999601125717163,2686.5536313056946,0,16|25|48|51|59|67|75|82|87|98|104|105|110|118|167|171|175|186|203|221|222|234|241|250|255|269|278|293|301|302|306|316|321|329|333|339|357|361|365|369|379|391|392|402|417|418|420|442|454|468|473|483|488|490|500|501|510|514|525|544|545|555|558|579|580|591|594|601|603|621|637|642|645|652|659|662|673|690|707|719|727|731|733|738|750|761|764|765|780|787|797|805|810|820|827|833|858|859|864|867|884|886|892|906|913|938|941|943|945|964|966|982|984|994|1004|1005|1006|1025|1032|1033|1039|1054|1064|1076|1084|1091|1102|1104|1106|1108|1117|1140|1145|1181|1182|1184|1185|1186|1204|1208|1222|1248|1253|1254|1255|1262|1268|1272|1273|1281|1294|1296|1307|1310|1317|1383|1386|1387|1389|1391|1395|1402|1412|1418|1420|1421|1433|1461|1465|1479|1482|1493|1496|1501|1510|1521|1527|1545|1565|1570|1571|1576|1586|1587|1589|1591|1598|1611|1634|1637|1641|1664|1668|1680|1681|1683|1689|1690|1692|1706|1723|1748|1752|1762|1764|1767|1769|1775|1795|1801|1803|1808|1817|1820|1835|1837|1850|1862|1875|1885|1894|1927|1940|1949|1960|1970|1979|1994|1998|2003|2011|2018|2019|2026|2028|2048|2052|2054|2055|2059|2072|2079|2081|2090|2096|2099|2109|2116|2133|2146|2167|2174|2188|2194|2211|2212|2220|2230|2234|2236|2244|2246|2247|2248|2271|2274|2279|2310|2346|2351|2354|2371|2379|2388|2389|2395|2404|2410|2419|2428|2434|2443|2445|2447|2452|2463|2480|2486|2489|2499|2541|2542|2553|2562|2566|2574|2583|2585|2595|2614|2628|2631|2635|2637|2652|2653|2660|2668|2677|2678|2685|2686|2692|2695|2703|2725|2730|2741|2752|2771|2783|2785|2789|2796|2818|2820|2829|2846|2854|2858|2859|2870|2875|2880|2887|2909|2922|2926|2928|2939|2957|2977|2980|2982|2988|2995|2997|2999|3001|3002|3041|3047|3048|3057|3062|3071|3076|3083|3104|3106|3112|3134|3148|3149|3156|3163|3179|3180|3204|3207|3215|3216|3217|3228|3233|3248|3252|3253|3257|3260|3266|3274|3284|3300|3302|3321|3325|3333|3335|3353|3362|3363|3372|3382|3390|3402|3415|3424|3426|3438|3447|3450|3462|3466|3476|3486|3495|3520|3523|3527|3534|3543|3548|3551|3574|3576|3581|3590|3628|3640|3642|3644|3655|3658|3661|3667|3683|3687|3690|3696|3718|3722|3734|3742|3746|3749|3753|3765|3767|3773|3776|3778|3780|3784|3807|3842|3866|3877|3883|3891|3893|3896|3899|3904|3905|3923|3926|3927|3934|3936|3943|3944|3952|3954|3956|3958|3961|3977|3981|3985|3990|4017|4023|4050|4067|4078|4091|4096|4113|4118|4125
bsdrcnn,lucas,512,robust,dyn,0.45,0.9020318388938904,0.9036243557929993,3.195035696029663,1.0981744527816772,0.96071457862854,0.5933763980865479,5.045526504516602,1.7046416997909546,982.9888753890991,0,17|24|47|50|64|68|86|89|92|100|121|122|126|134|137|172|177|180|186|189|193|219|221|228|230|234|256|258|260|276|294|296|299|312|315|320|332|334|343|346|353|367|374|381|390|392|403|404|407|421|429|441|443|462|464|467|477|499|503|505|515|516|534|536|561|566|574|580|589|592|596|602|613|628|633|643|655|656|668|675|677|693|714|728|735|740|742|744|753|764|768|775|777|792|800|803|827|832|837|846|858|864|866|881|898|908|909|913|938|944|946|949|953|957|958|975|976|991|992|1009|1012|1021|1026|1030|1060|1077|1083|1091|1099|1103|1107|1120|1121|1133|1135|1138|1149|1169|1181|1182|1188|1192|1204|1231|1242|1244|1257|1258|1267|1271|1279|1280|1284|1292|1312|1320|1350|1362|1365|1367|1373|1379|1393|1404|1414|1415|1417|1434|1440|1447|1458|1469|1475|1486|1489|1494|1506|1510|1512|1516|1540|1550|1559|1567|1572|1575|1577|1588|1590|1592|1602|1611|1613|1615|1616|1659|1674|1685|1690|1696|1707|1721|1731|1741|1742|1750|1764|1767|1770|1780|1787|1808|1812|1819|1820|1821|1829|1835|1847|1849|1878|1899|1903|1910|1935|1943|1947|1948|1992|2000|2007|2014|2015|2016|2018|2019|2025|2028|2048|2056|2058|2059|2080|2085|2088|2089|2094|2102|2107|2115|2120|2137|2146|2152|2164|2169|2197|2207|2220|2221|2227|2232|2233|2237|2239|2254|2263|2271|2281|2282|2283|2324|2327|2345|2346|2362|2375|2376|2380|2385|2411|2417|2422|2423|2427|2438|2442|2443|2448|2450|2456|2475|2481|2483|2499|2522|2535|2537|2538|2539|2562|2581|2584|2587|2590|2596|2601|2623|2653|2657|2658|2659|2660|2662|2669|2681|2696|2699|2712|2724|2725|2758|2762|2775|2782|2787|2804|2807|2812|2817|2830|2831|2832|2839|2842|2843|2869|2886|2888|2916|2918|2923|2926|2946|2961|2965|2970|2974|2982|2983|2990|2992|3013|3034|3041|3049|3056|3060|3069|3072|3080|3088|3097|3119|3122|3130|3157|3163|3169|3176|3180|3194|3200|3209|3219|3229|3239|3252|3253|3256|3261|3263|3270|3277|3284|3287|3292|3316|3317|3319|3349|3351|3354|3357|3362|3378|3383|3394|3395|3415|3416|3422|3426|3436|3465|3467|3473|3475|3503|3506|3512|3529|3534|3537|3547|3550|3555|3556|3557|3561|3563|3637|3639|3640|3648|3650|3663|3670|3676|3689|3695|3702|3710|3720|3724|3731|3735|3739|3744|3750|3756|3765|3768|3778|3780|3783|3784|3793|3795|3849|3859|3876|3879|3883|3895|3898|3902|3905|3907|3922|3925|3930|3933|3936|3940|3945|3946|3950|3958|3959|3967|3973|3975|3999|4003|4009|4041|4053|4059|4060|4072|4082|4097|4104|4110
bsdrcnn,lucas,512,robust,dyn,0.55,0.8882769346237183,1.0109213590621948,2.991925001144409,1.0195168256759644,0.9328583478927612,0.7411185503005981,3.8594212532043457,1.313123345375061,4042.739021539688,0,15|28|36|49|53|62|72|79|86|87|95|100|121|125|126|146|150|157|166|176|182|185|190|209|216|219|220|242|273|279|285|287|301|306|313|317|329|330|333|355|356|370|379|384|397|400|402|406|427|445|461|467|471|474|485|489|492|504|516|526|534|547|554|561|569|583|589|598|600|625|627|637|641|647|663|668|680|692|698|704|723|733|734|736|738|739|762|763|767|768|787|795|807|811|828|835|848|849|853|861|865|869|890|894|907|910|912|929|939|950|953|964|969|971|975|986|988|989|1012|1030|1031|1037|1054|1067|1088|1089|1098|1102|1112|1125|1127|1130|1141|1150|1155|1160|1181|1183|1185|1206|1210|1226|1236|1244|1247|1260|1267|1269|1273|1278|1286|1294|1296|1320|1332|1352|1374|1376|1379|1387|1388|1393|1399|1409|1424|1431|1439|1440|1447|1465|1473|1478|1495|1497|1501|1504|1510|1526|1528|1555|1561|1564|1571|1581|1584|1587|1592|1600|1603|1608|1629|1636|1641|1652|1654|1655|1667|1676|1694|1703|1712|1718|1722|1728|1729|1743|1745|1796|1798|1808|1809|1810|1824|1832|1838|1858|1865|1877|1887|1911|1922|1934|1935|1948|1974|1978|1989|1991|1999|2009|2016|2018|2019|2020|2024|2029|2038|2052|2054|2072|2078|2080|2081|2104|2109|2116|2121|2133|2153|2155|2165|2188|2198|2199|2204|2212|2225|2226|2232|2233|2234|2239|2249|2250|2259|2261|2269|2325|2335|2336|2342|2346|2379|2396|2399|2400|2402|2416|2420|2426|2444|2446|2465|2466|2467|2469|2472|2479|2491|2495|2496|2505|2524|2532|2544|2547|2550|2580|2586|2593|2599|2604|2618|2650|2657|2658|2671|2675|2676|2679|2683|2684|2688|2708|2730|2736|2749|2751|2757|2763|2795|2800|2822|2825|2826|2827|2839|2840|2842|2851|2854|2875|2878|2883|2908|2917|2918|2919|2928|2934|2965|2967|2979|2982|2989|2993|2998|3002|3026|3041|3043|3050|3053|3055|3056|3058|3063|3098|3103|3121|3123|3132|3138|3142|3151|3172|3191|3197|3209|3218|3224|3228|3238|3248|3250|3251|3252|3259|3275|3278|3285|3288|3299|3303|3304|3337|3343|3344|3351|3361|3378|3379|3381|3383|3412|3413|3418|3421|3427|3449|3457|3458|3473|3476|3485|3506|3517|3524|3530|3533|3552|3553|3554|3557|3564|3565|3566|3567|3575|3638|3640|3641|3648|3652|3657|3668|3675|3685|3697|3702|3711|3719|3727|3733|3741|3744|3747|3749|3755|3761|3766|3771|3772|3775|3779|3786|3855|3864|3872|3884|3888|3897|3902|3903|3922|3924|3930|3934|3935|3936|3938|3946|3948|3953|3957|3959|3960|3962|3966|3968|3969|3981|3989|4009|4015|4036|4053|4072|4078|4084|4097|4108|4113
bsdrcnn,lucas,512,robust,dyn,0.65,0.9033028483390808,0.8890194296836853,3.2160415649414062,1.1388413906097412,0.9520744681358337,0.6515113115310669,4.568061828613281,1.5231311321258545,5143.455768108368,0,15|29|42|55|57|62|63|81|84|85|104|122|124|125|132|161|178|181|183|187|188|205|208|214|216|223|228|240|256|261|270|290|301|303|306|314|327|331|341|352|363|364|374|377|385|392|393|405|412|416|419|442|444|459|468|472|480|496|500|503|523|525|528|538|542|555|564|571|594|597|598|606|624|630|644|648|657|658|665|673|683|697|713|732|733|738|741|751|760|761|772|776|784|796|797|807|818|827|836|838|843|860|867|875|883|887|901|904|910|914|932|946|949|950|955|957|971|973|983|987|989|1002|1022|1023|1031|1040|1062|1066|1070|1082|1105|1108|1112|1115|1117|1124|1136|1148|1163|1174|1175|1183|1192|1204|1215|1234|1238|1254|1258|1259|1263|1265|1285|1286|1291|1302|1326|1327|1331|1346|1360|1372|1382|1385|1386|1389|1416|1422|1423|1424|1446|1453|1472|1478|1481|1486|1488|1498|1504|1506|1526|1538|1542|1556|1566|1568|1569|1580|1587|1603|1616|1622|1631|1638|1639|1654|1667|1669|1671|1673|1679|1683|1726|1730|1747|1752|1759|1760|1766|1785|1786|1796|1810|1815|1823|1830|1845|1854|1855|1872|1883|1886|1902|1929|1940|1943|1945|1960|1992|1994|2009|2011|2016|2018|2021|2022|2025|2047|2052|2055|2056|2059|2060|2071|2079|2088|2089|2109|2115|2121|2128|2135|2137|2139|2171|2177|2186|2201|2209|2210|2223|2226|2235|2236|2246|2250|2252|2255|2260|2275|2276|2307|2328|2333|2347|2356|2361|2363|2369|2379|2380|2416|2426|2433|2436|2449|2458|2459|2461|2463|2472|2480|2483|2490|2504|2519|2523|2535|2539|2546|2549|2598|2601|2609|2638|2649|2650|2655|2656|2664|2678|2684|2688|2689|2713|2721|2722|2726|2745|2771|2788|2814|2821|2825|2826|2834|2838|2840|2842|2845|2857|2859|2860|2875|2888|2918|2920|2922|2923|2926|2927|2932|2961|2969|2976|2985|2986|2994|2995|2996|3019|3034|3036|3041|3046|3057|3072|3084|3085|3091|3098|3105|3113|3123|3135|3165|3167|3173|3178|3183|3204|3206|3213|3216|3225|3238|3244|3247|3248|3249|3259|3261|3267|3286|3290|3296|3302|3317|3343|3353|3356|3365|3367|3379|3391|3395|3401|3426|3429|3434|3442|3458|3463|3468|3473|3474|3488|3497|3528|3533|3537|3539|3540|3560|3561|3563|3566|3570|3571|3638|3639|3646|3652|3654|3668|3683|3692|3694|3695|3707|3720|3723|3733|3735|3736|3737|3744|3755|3760|3763|3773|3781|3792|3815|3852|3861|3876|3887|3888|3889|3894|3904|3906|3920|3922|3925|3928|3935|3938|3940|3949|3952|3954|3958|3961|3970|3974|3977|3984|3997|4024|4046|4058|4070|4085|4086|4100|4106|4108
bsdrcnn,lucas,512,robust,dyn,0.75,0.8937959671020508,0.948657214641571,3.0688061714172363,1.0621989965438843,0.9423887729644775,0.7065761685371399,4.166387557983398,1.4098529815673828,7133.901142120361,0,15|27|37|47|49|59|69|77|78|80|97|105|108|123|132|140|167|170|176|181|188|191|215|225|228|235|241|244|246|255|279|281|291|303|307|311|316|317|329|346|349|357|367|368|380|386|399|408|409|422|446|452|461|463|474|484|489|497|506|525|532|534|538|545|561|562|563|577|584|589|597|615|621|634|649|650|655|664|675|678|697|721|726|732|736|740|749|757|769|774|779|800|803|804|809|822|824|848|857|863|865|870|871|886|890|910|914|915|923|946|950|954|962|966|971|972|974|990|993|1013|1025|1026|1037|1043|1056|1066|1067|1090|1092|1099|1109|1124|1129|1135|1139|1142|1176|1181|1183|1186|1189|1196|1198|1199|1222|1257|1266|1270|1276|1282|1298|1307|1311|1319|1329|1337|1339|1353|1355|1375|1388|1394|1411|1423|1424|1433|1439|1441|1455|1456|1462|1474|1486|1489|1496|1497|1504|1515|1526|1532|1553|1558|1560|1566|1587|1588|1598|1605|1610|1624|1635|1651|1670|1675|1676|1682|1687|1701|1714|1717|1721|1727|1740|1742|1758|1763|1776|1778|1786|1798|1799|1803|1816|1817|1819|1839|1844|1847|1862|1863|1885|1890|1905|1938|1945|1960|1973|1980|1985|1994|1995|1999|2003|2019|2022|2023|2028|2030|2057|2058|2059|2083|2084|2088|2089|2111|2126|2151|2157|2169|2174|2180|2197|2207|2216|2221|2225|2231|2241|2242|2243|2244|2245|2254|2259|2274|2306|2313|2317|2325|2331|2359|2367|2368|2383|2414|2417|2418|2428|2432|2433|2444|2452|2464|2470|2472|2491|2493|2502|2507|2522|2528|2537|2540|2545|2547|2587|2588|2612|2618|2628|2629|2650|2653|2655|2659|2669|2680|2682|2685|2689|2698|2699|2722|2727|2733|2740|2758|2760|2766|2794|2799|2804|2812|2821|2831|2838|2842|2850|2854|2866|2872|2888|2901|2908|2914|2921|2926|2927|2961|2973|2979|2984|2985|2990|2994|3036|3037|3049|3054|3065|3067|3072|3086|3087|3107|3112|3136|3151|3158|3168|3176|3179|3180|3185|3204|3207|3219|3221|3226|3229|3232|3245|3254|3255|3256|3265|3269|3295|3300|3302|3320|3325|3332|3333|3349|3350|3353|3359|3369|3412|3414|3415|3418|3423|3443|3450|3454|3455|3482|3489|3494|3495|3520|3525|3530|3549|3550|3554|3556|3564|3569|3574|3575|3635|3645|3650|3660|3671|3675|3691|3698|3700|3709|3721|3725|3727|3737|3741|3742|3745|3752|3761|3764|3769|3772|3776|3781|3790|3860|3872|3879|3884|3890|3895|3902|3903|3905|3924|3925|3931|3937|3938|3939|3950|3953|3954|3956|3957|3958|3960|3966|3969|4009|4010|4021|4048|4076|4078|4087|4104|4111|4114
bsdrcnn,lucas,512,robust,dyn,0.85,0.9190279245376587,0.8618598580360413,3.5147860050201416,1.1558358669281006,0.9466353058815002,0.6742576956748962,4.328970909118652,1.4887948036193848,7715.438610076904,0,15|28|38|39|51|58|66|78|80|85|104|107|108|141|153|160|163|169|180|185|187|189|215|223|226|227|246|249|278|295|307|308|310|317|324|327|335|354|358|363|371|379|394|402|404|409|411|423|447|458|466|469|484|490|502|504|518|529|536|538|560|563|570|582|590|592|595|615|619|627|641|654|657|660|668|675|685|686|714|727|728|732|736|737|755|760|768|773|791|795|802|807|821|835|840|846|857|867|872|883|889|893|901|910|916|929|950|960|961|965|966|967|977|990|993|997|1007|1024|1035|1043|1049|1055|1057|1064|1082|1087|1103|1105|1108|1118|1119|1127|1139|1145|1160|1182|1184|1186|1200|1201|1209|1232|1248|1255|1258|1276|1278|1285|1289|1291|1298|1301|1319|1324|1340|1342|1346|1370|1371|1379|1380|1395|1399|1411|1413|1415|1425|1435|1443|1450|1476|1479|1481|1501|1504|1515|1525|1533|1547|1548|1564|1576|1577|1582|1588|1592|1596|1610|1613|1627|1631|1645|1654|1671|1676|1682|1697|1698|1720|1730|1748|1751|1757|1776|1788|1791|1797|1808|1815|1819|1825|1828|1832|1842|1857|1862|1886|1887|1903|1940|1941|1955|1956|1985|1986|1988|2006|2014|2016|2019|2020|2021|2022|2023|2025|2035|2037|2056|2057|2060|2064|2075|2077|2085|2092|2097|2104|2116|2128|2137|2144|2168|2170|2179|2199|2217|2219|2226|2232|2233|2236|2241|2252|2257|2268|2273|2278|2290|2297|2300|2308|2323|2325|2331|2333|2334|2353|2371|2406|2409|2417|2429|2436|2441|2442|2452|2474|2475|2483|2494|2497|2522|2523|2524|2534|2542|2543|2563|2565|2585|2612|2614|2619|2628|2647|2658|2661|2665|2666|2669|2673|2676|2677|2679|2680|2694|2732|2757|2758|2761|2777|2781|2785|2803|2814|2822|2832|2833|2837|2841|2856|2857|2863|2883|2907|2912|2913|2918|2924|2927|2936|2960|2970|2977|2982|2983|2984|2985|2988|2991|2994|3026|3042|3053|3054|3072|3079|3085|3088|3092|3099|3108|3116|3123|3143|3146|3156|3170|3177|3181|3191|3212|3216|3223|3225|3226|3227|3247|3253|3257|3260|3271|3281|3293|3297|3302|3324|3331|3332|3340|3368|3376|3381|3386|3390|3415|3418|3422|3429|3440|3453|3460|3465|3476|3486|3508|3510|3526|3530|3536|3545|3551|3554|3558|3564|3568|3570|3573|3631|3634|3639|3646|3656|3662|3669|3672|3693|3697|3702|3711|3718|3724|3729|3734|3741|3746|3747|3752|3757|3761|3767|3771|3773|3774|3777|3782|3869|3877|3878|3882|3887|3892|3893|3902|3903|3905|3922|3924|3925|3930|3932|3935|3937|3939|3943|3946|3952|3958|3959|3965|3966|3967|3980|3998|4037|4051|4058|4068|4073|4082|4102|4105|4115
bsdrcnn,lucas,512,robust,dyn,0.95,0.9185081124305725,0.7926247715950012,3.5046298503875732,1.2362534999847412,0.9411275386810303,0.7142516374588013,4.1214919090271,1.4054310321807861,12710.890988349915,0,17|23|37|47|56|68|71|78|83|87|91|107|111|112|148|149|178|185|187|188|190|211|212|221|225|233|251|252|267|275|294|301|311|313|320|323|326|338|345|353|354|358|377|378|380|390|399|405|416|418|444|450|463|466|485|488|496|497|503|522|528|531|535|543|544|569|575|583|587|599|603|608|622|643|647|649|652|655|665|685|688|708|723|725|729|735|736|741|754|761|774|782|797|799|806|818|832|836|838|854|856|858|879|887|895|898|901|917|924|938|956|971|975|976|983|985|987|997|1000|1004|1007|1018|1027|1045|1052|1065|1076|1077|1105|1108|1110|1111|1116|1120|1121|1133|1146|1173|1178|1185|1188|1190|1192|1204|1221|1222|1236|1246|1248|1268|1280|1284|1286|1288|1303|1305|1311|1337|1338|1344|1359|1363|1366|1368|1379|1389|1393|1401|1414|1440|1442|1449|1451|1473|1477|1485|1492|1495|1497|1504|1507|1535|1542|1551|1562|1574|1588|1593|1597|1599|1600|1605|1610|1621|1644|1654|1659|1663|1682|1687|1689|1691|1696|1704|1726|1727|1729|1741|1754|1756|1758|1790|1798|1799|1800|1809|1812|1820|1830|1839|1852|1855|1883|1886|1900|1902|1903|1926|1944|1961|1963|1990|2000|2017|2020|2025|2026|2027|2032|2039|2052|2054|2057|2058|2068|2072|2077|2082|2085|2087|2089|2093|2100|2127|2137|2140|2151|2166|2169|2206|2218|2222|2226|2240|2244|2248|2253|2254|2256|2268|2276|2319|2346|2347|2362|2363|2366|2369|2372|2385|2387|2395|2400|2406|2409|2426|2430|2439|2444|2456|2466|2470|2475|2482|2485|2491|2492|2508|2532|2536|2540|2559|2579|2582|2610|2616|2625|2646|2647|2658|2660|2664|2669|2675|2676|2685|2691|2693|2706|2711|2730|2733|2747|2768|2772|2773|2791|2797|2803|2805|2816|2828|2835|2839|2842|2846|2855|2861|2895|2903|2916|2921|2922|2924|2950|2957|2970|2973|2976|2988|2989|2990|2992|2995|3016|3032|3044|3049|3052|3067|3089|3096|3099|3104|3110|3118|3122|3141|3155|3157|3160|3168|3172|3174|3210|3216|3218|3225|3234|3235|3241|3244|3250|3259|3260|3263|3266|3286|3294|3297|3310|3318|3328|3340|3345|3356|3364|3370|3375|3397|3400|3413|3422|3425|3428|3437|3453|3469|3476|3477|3488|3498|3523|3527|3538|3545|3548|3553|3555|3560|3561|3566|3577|3578|3634|3635|3639|3648|3656|3662|3664|3673|3691|3698|3700|3714|3722|3724|3731|3739|3740|3744|3747|3754|3761|3762|3770|3774|3776|3779|3786|3793|3865|3866|3879|3885|3888|3894|3898|3901|3902|3904|3922|3925|3927|3931|3934|3935|3941|3944|3948|3957|3961|3964|3974|3994|4002|4032|4052|4054|4068|4070|4078|4095|4102|4108
